state,region,year,total_damages_cr,crops_damage_cr,houses_damage_cr,public_util_damage_cr,deflator_index,total_damages_cr_real_2022,crops_damage_cr_real_2022,houses_damage_cr_real_2022,public_util_damage_cr_real_2022
Arunachal Pradesh,Northeast,1953,0.0,0.0,0.0,,,,,,
Arunachal Pradesh,Northeast,1954,0.0,0.0,0.0,,,,,,
Arunachal Pradesh,Northeast,1955,0.0,0.0,0.0,,,,,,
Arunachal Pradesh,Northeast,1956,0.0,0.0,0.0,,,,,,
Arunachal Pradesh,Northeast,1957,0.0,0.0,0.0,,,,,,
Arunachal Pradesh,Northeast,1958,0.0,0.0,0.0,,,,,,
Arunachal Pradesh,Northeast,1959,0.0,0.0,0.0,,,,,,
Arunachal Pradesh,Northeast,1960,0.0,0.0,0.0,,1.4807409657796,0.0,0.0,0.0,
Arunachal Pradesh,Northeast,1961,0.0,0.0,0.0,,1.51250919184727,0.0,0.0,0.0,
Arunachal Pradesh,Northeast,1962,0.0,0.0,0.0,,1.57914454981879,0.0,0.0,0.0,
Arunachal Pradesh,Northeast,1963,0.0,0.0,0.0,,1.71106034615808,0.0,0.0,0.0,
Arunachal Pradesh,Northeast,1964,0.0,0.0,0.0,,1.85738469964291,0.0,0.0,0.0,
Arunachal Pradesh,Northeast,1965,0.0,0.0,0.0,,2.01155449102702,0.0,0.0,0.0,
Arunachal Pradesh,Northeast,1966,0.0,0.0,0.0,,2.2785019847826,0.0,0.0,0.0,
Arunachal Pradesh,Northeast,1967,0.0,0.0,0.0,,2.4748223801352,0.0,0.0,0.0,
Arunachal Pradesh,Northeast,1968,0.0,0.0,0.0,,2.53459883367324,0.0,0.0,0.0,
Arunachal Pradesh,Northeast,1969,0.0,0.0,0.0,,2.61933970726728,0.0,0.0,0.0,
Arunachal Pradesh,Northeast,1970,0.0,0.0,0.0,,2.66026017117103,0.0,0.0,0.0,
Arunachal Pradesh,Northeast,1971,0.0,0.0,0.0,,2.80191479682417,0.0,0.0,0.0,
Arunachal Pradesh,Northeast,1972,0.0,0.0,0.0,,3.10563122882567,0.0,0.0,0.0,
Arunachal Pradesh,Northeast,1973,0.0,0.0,0.0,,3.65935644592502,0.0,0.0,0.0,
Arunachal Pradesh,Northeast,1974,0.03,0.0,0.0,,4.26928025708201,0.7026945572438141,0.0,0.0,
Arunachal Pradesh,Northeast,1975,0.0,0.0,0.0,,4.19889342115158,0.0,0.0,0.0,
Arunachal Pradesh,Northeast,1976,0.02,0.0,0.0,,4.45006531955297,0.44943160524234943,0.0,0.0,
Arunachal Pradesh,Northeast,1977,0.04,0.04,0.0,,4.70092570737406,0.8508962381016659,0.8508962381016659,0.0,
Arunachal Pradesh,Northeast,1978,0.0,0.0,0.0,,4.81658175141862,0.0,0.0,0.0,
Arunachal Pradesh,Northeast,1979,0.0,0.0,0.0,,5.57413581029161,0.0,0.0,0.0,
Arunachal Pradesh,Northeast,1980,0.0,0.0,0.0,,6.21562524163142,0.0,0.0,0.0,
Arunachal Pradesh,Northeast,1981,0.0,0.0,0.0,,6.88862716034943,0.0,0.0,0.0,
Arunachal Pradesh,Northeast,1982,0.02,0.0,0.0,,7.44632098471959,0.26858901249410955,0.0,0.0,
Arunachal Pradesh,Northeast,1983,0.33,0.33,0.0,,8.08319436421132,4.0825444141376686,4.0825444141376686,0.0,
Arunachal Pradesh,Northeast,1984,0.0,0.0,0.0,,8.72364467527372,0.0,0.0,0.0,
Arunachal Pradesh,Northeast,1985,5.96,0.45,0.0,,9.35120495613869,63.73510181794807,4.812214063435676,0.0,
Arunachal Pradesh,Northeast,1986,1.33,0.32,0.46,,9.98609570765228,13.318518457427057,3.2044555687042546,4.606404880012366,
Arunachal Pradesh,Northeast,1987,0.0,0.0,0.0,,10.9175880607911,0.0,0.0,0.0,
Arunachal Pradesh,Northeast,1988,55.99,8.83,1.1,,11.8163801753813,473.8337728558507,74.72677646574677,9.309111450999032,
Arunachal Pradesh,Northeast,1989,1.52,1.52,0.0,,12.8133055864533,11.862668768369968,11.862668768369968,0.0,
Arunachal Pradesh,Northeast,1990,0.0,0.0,0.0,,14.1802679594129,0.0,0.0,0.0,
Arunachal Pradesh,Northeast,1991,0.0,0.0,0.0,,16.1303127348422,0.0,0.0,0.0,
Arunachal Pradesh,Northeast,1992,1.91,0.0,0.0,,17.5764198477346,10.866831906306434,0.0,0.0,
Arunachal Pradesh,Northeast,1993,49.72,2.84,0.59,,19.3097682064243,257.48626015851556,14.707582036407565,3.05544838080298,
Arunachal Pradesh,Northeast,1994,0.0,0.0,0.0,,21.2368917187623,0.0,0.0,0.0,
Arunachal Pradesh,Northeast,1995,0.0,0.0,0.0,,23.1615279764214,0.0,0.0,0.0,
Arunachal Pradesh,Northeast,1996,134.9,10.43,0.0,,24.9160179568326,541.4187782081246,41.8606216212805,0.0,
Arunachal Pradesh,Northeast,1997,0.0,0.0,0.0,,26.5296468670007,0.0,0.0,0.0,
Arunachal Pradesh,Northeast,1998,1.73,0.0,0.0,,28.6547160249704,6.03740060970221,0.0,0.0,
Arunachal Pradesh,Northeast,1999,1.72,0.0,0.0,,29.5339560481166,5.823804969431738,0.0,0.0,
Arunachal Pradesh,Northeast,2000,3.58,0.0,0.0,,30.6104599330265,11.69534860904666,0.0,0.0,
Arunachal Pradesh,Northeast,2001,2.41,0.0,0.0,,31.594774786071,7.627843579573425,0.0,0.0,
Arunachal Pradesh,Northeast,2002,5.88,0.0,0.0,,32.768736707346,17.943932512606867,0.0,0.0,
Arunachal Pradesh,Northeast,2003,6024.66,5678.0,0.42,,34.0361652784497,17700.760208185282,16682.255340894924,1.2339815504008222,
Arunachal Pradesh,Northeast,2004,507.19,103.53,37.23,,35.9848763872227,1409.4532229103058,287.70419796901353,103.46013030412801,
Arunachal Pradesh,Northeast,2005,510.03,0.0,0.0,,38.0079113271814,1341.9048355736704,0.0,0.0,
Arunachal Pradesh,Northeast,2006,270.25,103.54,0.25,,41.2009324749758,655.9317563119273,251.30499185397582,0.6067823832672778,
Arunachal Pradesh,Northeast,2007,332.14,94.66,15.71,,44.062097550747,753.7997927072565,214.83316787399562,35.65422636066418,
Arunachal Pradesh,Northeast,2008,540.39,82.85,21.19,,48.113153416174,1123.1647930570673,172.1982329517164,44.0420103349049,
Arunachal Pradesh,Northeast,2009,740.09,8.98,0.0,,51.5004952392024,1437.0541420282116,17.43672552718364,0.0,
Arunachal Pradesh,Northeast,2010,1139.49,43.35,259.36,,56.9214532589359,2001.8638575801215,76.15757771116752,455.64542918496903,
Arunachal Pradesh,Northeast,2011,1203.8,0.5,0.0,,61.8927332933406,1944.9779254288062,0.8078492795434483,0.0,
Arunachal Pradesh,Northeast,2012,809.29,0.0,1.29,,66.8035425735272,1211.4477299003365,0.0,1.9310353168474022,
Arunachal Pradesh,Northeast,2013,875.52,8.25,12.85,,70.9363464075585,1234.2332870793446,11.630145077673376,18.114832030073075,
Arunachal Pradesh,Northeast,2014,2436.31,97.38,3.53,,73.2997730356476,3323.7619969370962,132.85170740247932,4.815840286822263,
Arunachal Pradesh,Northeast,2015,1762.81,15.29,16.95,,74.9707059453487,2351.331733870871,20.394632553074707,22.60883072430453,
Arunachal Pradesh,Northeast,2016,0.0,,,,77.3982386243201,0.0,,,
Arunachal Pradesh,Northeast,2017,1574.68,97.54,5.55,,80.4703743512893,1956.8443824131043,121.21231047614384,6.896948156065187,
Arunachal Pradesh,Northeast,2018,1913.83,462.92,589.95,,83.5960370388638,2289.3788602804943,553.7583076872274,705.7152717965952,
Arunachal Pradesh,Northeast,2019,,,,,85.6069540558026,,,,
Arunachal Pradesh,Northeast,2020,1390.08,10.13,4.44,,89.7288072623215,1549.2014687502883,11.28957389390569,4.948243641553925,
Arunachal Pradesh,Northeast,2021,567.9,44.43,2.32,,97.2255663027036,584.1056232389444,45.69785673623227,2.3862036378136136,
Arunachal Pradesh,Northeast,2022,4.42,,4.42,,100.0,4.42,,4.42,
Arunachal Pradesh,Northeast,2023,,,,,103.511128102947,,,,
Assam,Northeast,1953,2.66,2.12,0.29,0.25,,,,,
Assam,Northeast,1954,15.77,10.62,0.0,5.15,,,,,
Assam,Northeast,1955,3.71,2.47,0.0,1.24,,,,,
Assam,Northeast,1956,3.26,3.1,0.13,0.04,,,,,
Assam,Northeast,1957,4.52,1.01,0.04,3.47,,,,,
Assam,Northeast,1958,2.7,1.71,0.03,0.97,,,,,
Assam,Northeast,1959,8.4,6.07,0.25,2.08,,,,,
Assam,Northeast,1960,7.76,7.63,0.08,0.05,1.4807409657796,524.06195137003,515.2825630094496,5.402700529587938,3.3766878309924615
Assam,Northeast,1961,0.58,0.43,0.06,0.08,1.51250919184727,38.346874394305644,28.429579292330047,3.966918040790239,5.2892240543869855
Assam,Northeast,1962,20.33,19.21,0.68,0.45,1.57914454981879,1287.4058934207706,1216.48141724609,43.06128910605628,28.496441320184303
Assam,Northeast,1963,2.06,1.97,0.08,0.0,1.71106034615808,120.39318219403599,115.1332858845878,4.675463386176155,0.0
Assam,Northeast,1964,2.46,2.38,0.06,0.02,1.85738469964291,132.44429118388587,128.1371597632717,3.230348565460631,1.0767828551535439
Assam,Northeast,1965,0.69,0.65,0.03,0.01,2.01155449102702,34.301829907064224,32.31331802839384,1.4913839090027923,0.4971279696675975
Assam,Northeast,1966,22.53,21.7,0.59,0.24,2.2785019847826,988.8075652543121,952.3801227704647,25.894206102975765,10.533236380871498
Assam,Northeast,1967,2.44,2.38,0.05,0.01,2.4748223801352,98.59293416712606,96.16851775318034,2.020347011621436,0.4040694023242872
Assam,Northeast,1968,8.36,8.03,0.33,0.0,2.53459883367324,329.8352342364318,316.8154223586779,13.019811877753888,0.0
Assam,Northeast,1969,8.47,5.51,0.86,2.1,2.61933970726728,323.3639369685512,210.35835805156043,32.83270198263919,80.17287693435154
Assam,Northeast,1970,10.43,8.6,0.89,0.94,2.66026017117103,392.06691559828823,323.27665140414945,33.45537438949919,35.33488980463959
Assam,Northeast,1971,5.63,4.72,0.89,0.02,2.80191479682417,200.9340186354461,168.4562287671946,31.76399228872949,0.7137975795220111
Assam,Northeast,1972,24.15,23.25,0.67,0.23,3.10563122882567,777.6196921207487,748.6400762653171,21.573714025710213,7.405901829721417
Assam,Northeast,1973,16.49,15.68,0.75,0.06,3.65935644592502,450.6256836051843,428.490643961752,20.495407077252167,1.6396325661801734
Assam,Northeast,1974,19.24,17.77,1.41,0.07,4.26928025708201,450.6614427123661,416.22940940741927,33.026644190459265,1.6396206335688999
Assam,Northeast,1975,0.34,0.32,0.02,0.0,4.19889342115158,8.097371519059712,7.621055547350316,0.47631597170939477,0.0
Assam,Northeast,1976,11.98,8.65,2.75,0.58,4.45006531955297,269.2095315401673,194.37916926731612,61.79684572082304,13.033516552028132
Assam,Northeast,1977,31.08,26.54,1.59,2.96,4.70092570737406,661.1463770049943,564.5696539804553,33.82312546454122,62.96632161952327
Assam,Northeast,1978,4.27,3.93,0.29,0.05,4.81658175141862,88.65208191976319,81.59313394488746,6.020867390335206,1.0380805845405527
Assam,Northeast,1979,28.16,26.14,1.23,0.78,5.57413581029161,505.1904180017963,468.95161671047424,22.06620078630005,13.993200498629301
Assam,Northeast,1980,39.8,32.37,2.24,5.2,6.21562524163142,640.3217448411298,520.7842934800847,36.03820875487766,83.66012746668028
Assam,Northeast,1981,7.4,7.01,0.23,0.16,6.88862716034943,107.42343616147502,101.76193074215404,3.338836529343143,2.3226688899778383
Assam,Northeast,1982,21.9,8.9,0.17,12.82,7.44632098471959,294.1049686810499,119.52211055987874,2.283006606199931,172.1655570087242
Assam,Northeast,1983,56.18,14.74,1.16,40.28,8.08319436421132,695.0222581401642,182.35365049814916,14.350762183029378,498.3178454589857
Assam,Northeast,1984,50.82,48.99,1.06,0.78,8.72364467527372,582.5546763045508,561.5772056702075,12.150884629728923,8.941216991687321
Assam,Northeast,1985,54.74,1.98,0.0,52.75,9.35120495613869,585.3791062943754,21.173741879116978,0.0,564.0984263249599
Assam,Northeast,1986,204.6,98.01,0.97,105.62,9.98609570765228,2048.8487792402825,981.4646571522,9.71350594263477,1057.670616145448
Assam,Northeast,1987,346.6,139.04,75.21,132.35,10.9175880607911,3174.6938799125655,1273.5413648674064,688.8884209700635,1212.2640940750953
Assam,Northeast,1988,663.84,334.1,103.92,225.82,11.8163801753813,5617.964132391998,2827.4310325261604,879.457147261654,1911.075952604183
Assam,Northeast,1989,308.62,69.15,16.25,223.22,12.8133055864533,2408.59002321996,539.6733850873575,126.82129439869209,1742.0953437339108
Assam,Northeast,1990,74.54,63.7,4.19,6.65,14.1802679594129,525.66002429115,449.2157706915247,29.54810171424629,46.896151885378956
Assam,Northeast,1991,192.64,117.05,43.17,32.43,16.1303127348422,1194.2731871768917,725.6523907758263,267.6327527534594,201.05003872584405
Assam,Northeast,1992,25.09,17.9,2.21,4.98,17.5764198477346,142.7480693870306,101.84099011669379,12.573664142899068,28.33341512743772
Assam,Northeast,1993,85.32,51.09,17.77,16.46,19.3097682064243,441.84890822052586,264.58111487326147,92.02596224893044,85.24183109833399
Assam,Northeast,1994,8.75,8.38,0.37,0.0,21.2368917187623,41.20188639597187,39.459635199799344,1.7422511961725247,0.0
Assam,Northeast,1995,0.0,0.0,0.0,0.0,23.1615279764214,0.0,0.0,0.0,0.0
Assam,Northeast,1996,60.12,52.04,8.07,0.0,24.9160179568326,241.29056297903966,208.86162504040627,32.38880311445193,0.0
Assam,Northeast,1997,36.36,19.46,9.99,6.92,26.5296468670007,137.0542178050132,73.35189984833765,37.65598558504075,26.0840260508991
Assam,Northeast,1998,579.91,463.3,33.65,82.96,28.6547160249704,2023.7855419493692,1616.8368222399042,117.43267659912102,289.5160431103441
Assam,Northeast,1999,54.15,50.46,1.5,2.19,29.5339560481166,183.3482785434469,170.85418532414275,5.078899682643958,7.415193536660179
Assam,Northeast,2000,244.06,173.52,16.49,54.06,30.6104599330265,797.3091568502591,566.8650532518928,53.87047445898866,176.6062977109113
Assam,Northeast,2001,11.15,8.36,2.6,0.2,31.594774786071,35.29064560674012,26.4600715042464,8.22920884103357,0.63301606469489
Assam,Northeast,2002,753.03,145.6,41.19,566.24,32.768736707346,2298.01352040278,444.3259479312176,125.69907826433278,1727.98849420723
Assam,Northeast,2003,347.09,147.0,18.69,181.4,34.0361652784497,1019.7682293538604,431.8935426402878,54.912178992836594,532.9625077207361
Assam,Northeast,2004,57.35,37.47,2.19,17.69,35.9848763872227,159.3725080027328,104.12707715540361,6.085890017889883,49.15954082943929
Assam,Northeast,2005,32.88,23.47,9.34,0.07,38.0079113271814,86.50830538137421,61.75030192520841,24.57383127317625,0.18417218298954363
Assam,Northeast,2006,2.98,1.11,1.63,0.24,41.2009324749758,7.232846008545952,2.694113781706714,3.9562211389026514,0.5825110879365867
Assam,Northeast,2007,0.0,0.0,0.0,0.0,44.062097550747,0.0,0.0,0.0,0.0
Assam,Northeast,2008,3.55,3.29,0.03,0.23,48.113153416174,7.378439673851457,6.838046909005999,0.062353011328322175,0.4780397535171367
Assam,Northeast,2009,0.0,0.0,0.0,0.0,51.5004952392024,0.0,0.0,0.0,0.0
Assam,Northeast,2010,67.57,36.79,11.0,19.78,56.9214532589359,118.70744004483478,64.63292465960444,19.32487554377953,34.74963984145083
Assam,Northeast,2011,0.0,0.0,0.0,0.0,61.8927332933406,0.0,0.0,0.0,0.0
Assam,Northeast,2012,3200.31,0.0,0.0,3200.31,66.8035425735272,4790.629174310007,0.0,0.0,4790.629174310007
Assam,Northeast,2013,13.84,0.0,0.0,13.84,70.9363464075585,19.51044943939388,0.0,0.0,19.51044943939388
Assam,Northeast,2014,2.39,0.0,0.0,2.39,73.2997730356476,3.2605830837125245,0.0,0.0,3.2605830837125245
Assam,Northeast,2015,3.32,,,3.32,74.9707059453487,4.428396342459648,,,4.428396342459648
Assam,Northeast,2016,17.89,,,17.89,77.3982386243201,23.114221095954758,,,23.114221095954758
Assam,Northeast,2017,4164.81,178.69,90.94,3895.18,80.4703743512893,5175.581738713848,222.05687675806993,113.0105342905528,4840.514327665223
Assam,Northeast,2018,2480.98,23.49,84.01,2373.48,83.5960370388638,2967.8201119110377,28.09941814476145,100.49519448026436,2839.2254992860117
Assam,Northeast,2019,3121.98,167.47,151.4,2803.11,85.6069540558026,3646.876628696482,195.62663085855763,176.85479137747436,3274.39520646045
Assam,Northeast,2020,2439.73,145.87,93.36,2200.5,89.7288072623215,2719.00415756945,162.56763513366465,104.04685278726902,2452.3896696485162
Assam,Northeast,2021,1072.43,8.56,12.73,1051.14,97.2255663027036,1103.0329169398508,8.80426859469161,13.093263926451424,1081.1353844187079
Assam,Northeast,2022,2397.9,154.59,151.14,2092.17,100.0,2397.9,154.59,151.14,2092.17
Assam,Northeast,2023,71.44,18.01,3.83,49.6,103.511128102947,69.01673405486349,17.399095469318194,3.70008526637916,47.917553319166146
Bihar,Indo_Gangetic_Plain,1953,36.5,29.0,6.0,,,,,,
Bihar,Indo_Gangetic_Plain,1954,21.5,15.0,5.0,,,,,,
Bihar,Indo_Gangetic_Plain,1955,21.63,20.3,1.12,,,,,,
Bihar,Indo_Gangetic_Plain,1956,5.73,5.22,0.51,,,,,,
Bihar,Indo_Gangetic_Plain,1957,0.0,0.0,0.0,,,,,,
Bihar,Indo_Gangetic_Plain,1958,3.21,3.2,0.0,,,,,,
Bihar,Indo_Gangetic_Plain,1959,0.0,0.0,0.0,,,,,,
Bihar,Indo_Gangetic_Plain,1960,0.01,0.0,0.0,,1.4807409657796,0.6753375661984923,0.0,0.0,
Bihar,Indo_Gangetic_Plain,1961,13.25,13.25,0.0,,1.51250919184727,876.0277340078445,876.0277340078445,0.0,
Bihar,Indo_Gangetic_Plain,1962,10.13,9.57,0.52,,1.57914454981879,641.4865568299266,606.0243187425862,32.92922108110186,
Bihar,Indo_Gangetic_Plain,1963,0.76,0.76,0.01,,1.71106034615808,44.41690216867347,44.41690216867347,0.5844329232720193,
Bihar,Indo_Gangetic_Plain,1964,13.27,11.09,0.48,,1.85738469964291,714.4454243943762,597.07609318264,25.842788523685048,
Bihar,Indo_Gangetic_Plain,1965,1.8,1.8,0.0,,2.01155449102702,89.48303454016755,89.48303454016755,0.0,
Bihar,Indo_Gangetic_Plain,1966,39.0,39.0,0.0,,2.2785019847826,1711.6509118916185,1711.6509118916185,0.0,
Bihar,Indo_Gangetic_Plain,1967,19.67,19.34,0.27,,2.4748223801352,794.804514371873,781.4702240951714,10.909873862755754,
Bihar,Indo_Gangetic_Plain,1968,10.16,10.14,0.01,,2.53459883367324,400.8523899332712,400.0633104255286,0.39453975387132995,
Bihar,Indo_Gangetic_Plain,1969,36.0,28.8,0.0,,2.61933970726728,1374.3921760174549,1099.5137408139638,0.0,
Bihar,Indo_Gangetic_Plain,1970,15.08,14.74,0.32,,2.66026017117103,566.8618492063458,554.081144383391,12.028898656898585,
Bihar,Indo_Gangetic_Plain,1971,217.44,143.91,29.31,,2.80191479682417,7760.407284563304,5136.13048345063,1046.070352789507,
Bihar,Indo_Gangetic_Plain,1972,1.7,1.62,0.07,,3.10563122882567,54.73927439359308,52.163308539776935,2.253970122089127,
Bihar,Indo_Gangetic_Plain,1973,20.06,19.71,0.35,,3.65935644592502,548.1838212929047,538.6192979901871,9.564523302717678,
Bihar,Indo_Gangetic_Plain,1974,381.84,294.95,52.88,,4.26928025708201,8943.896324599265,6908.658655302099,1238.616272901763,
Bihar,Indo_Gangetic_Plain,1975,265.76,136.55,9.69,,4.19889342115158,6329.286632074438,3252.047296845893,230.77508829320178,
Bihar,Indo_Gangetic_Plain,1976,205.99,94.64,30.04,,4.45006531955297,4628.920818193578,2126.7103560067976,675.0462710740088,
Bihar,Indo_Gangetic_Plain,1977,12.29,11.79,0.45,,4.70092570737406,261.43786915673684,250.801666180466,9.572582678643741,
Bihar,Indo_Gangetic_Plain,1978,178.86,94.6,9.12,,4.81658175141862,3713.4218670184655,1964.0484659507256,189.3458986201968,
Bihar,Indo_Gangetic_Plain,1979,20.19,19.02,1.03,,5.57413581029161,362.2086129068277,341.2188121588837,18.478200658446383,
Bihar,Indo_Gangetic_Plain,1980,57.73,0.0,3.72,,6.21562524163142,928.7882997406639,0.0,59.84916811077897,
Bihar,Indo_Gangetic_Plain,1981,79.08,72.13,3.96,,6.88862716034943,1147.9790988715465,1047.0881689631342,57.4860550269515,
Bihar,Indo_Gangetic_Plain,1982,113.42,97.0,6.87,,7.44632098471959,1523.168289854095,1302.6567105964311,92.26032579172661,
Bihar,Indo_Gangetic_Plain,1983,26.29,23.43,1.18,,8.08319436421132,325.24270499296756,289.86065340377445,14.59818911721954,
Bihar,Indo_Gangetic_Plain,1984,235.53,185.44,22.92,,8.72364467527372,2699.903638528352,2125.717024280124,262.73422237111976,
Bihar,Indo_Gangetic_Plain,1985,36.54,30.34,4.33,,9.35120495613869,390.7517819509769,324.45016596586316,46.304193099281065,
Bihar,Indo_Gangetic_Plain,1986,308.05,103.66,4.39,,9.98609570765228,3084.789181060455,1038.0433257871343,43.961124833161485,
Bihar,Indo_Gangetic_Plain,1987,1209.61,501.32,217.74,,10.9175880607911,11079.46181212071,4591.856710553281,1994.3965534107385,
Bihar,Indo_Gangetic_Plain,1988,53.49,49.87,2.11,,11.8163801753813,452.67670137630745,422.04126187392876,17.856568328734504,
Bihar,Indo_Gangetic_Plain,1989,9.5,7.05,1.61,,12.8133055864533,74.1416798023123,55.020930800663336,12.565063629655032,
Bihar,Indo_Gangetic_Plain,1990,21.59,18.17,1.6,,14.1802679594129,152.25382243689197,128.13580146726852,11.283284664151328,
Bihar,Indo_Gangetic_Plain,1991,31.15,23.61,6.14,,16.1303127348422,193.11466871137966,146.37037971992532,38.0649780381339,
Bihar,Indo_Gangetic_Plain,1992,0.75,0.58,0.16,,17.5764198477346,4.267080591481584,3.2998756574124246,0.9103105261827379,
Bihar,Indo_Gangetic_Plain,1993,73.01,66.83,5.74,,19.3097682064243,378.0987903091959,346.094263201802,29.72588763696459,
Bihar,Indo_Gangetic_Plain,1994,48.56,45.07,2.18,,21.2368917187623,228.65869753010216,212.22503084188023,10.265155696367849,
Bihar,Indo_Gangetic_Plain,1995,292.08,195.14,75.1,,23.1615279764214,1261.0566984066832,842.5178174715152,324.24458384806184,
Bihar,Indo_Gangetic_Plain,1996,92.78,70.32,14.01,,24.9160179568326,372.37089875574355,282.2280836441462,56.22888867824927,
Bihar,Indo_Gangetic_Plain,1997,108.33,57.38,30.57,,26.5296468670007,408.3356274702167,216.28633161858244,115.22957751098058,
Bihar,Indo_Gangetic_Plain,1998,514.84,366.97,55.04,,28.6547160249704,1796.702502831842,1280.661792914694,192.08007488902294,
Bihar,Indo_Gangetic_Plain,1999,349.99,242.04,53.85,,29.5339560481166,1185.042733285706,819.5312527914291,182.3324986069181,
Bihar,Indo_Gangetic_Plain,2000,252.64,75.53,148.56,,30.6104599330265,825.3387912261306,246.7457207936576,485.32429870390274,
Bihar,Indo_Gangetic_Plain,2001,624.34,267.22,173.58,,31.594774786071,1976.0862491580383,845.7727640388426,549.3946425486951,
Bihar,Indo_Gangetic_Plain,2002,1446.63,511.5,526.22,,32.768736707346,4414.665151481713,1560.9390272446278,1605.8598923102018,
Bihar,Indo_Gangetic_Plain,2003,1118.14,62.66,20.32,,34.0361652784497,3285.152692298037,184.09829511456076,59.70120262891597,
Bihar,Indo_Gangetic_Plain,2004,2310.65,522.06,758.1,,35.9848763872227,6421.169757916557,1450.7761382372566,2106.718366466813,
Bihar,Indo_Gangetic_Plain,2005,18.52,11.64,3.83,,38.0079113271814,48.72669755666211,30.625202999975542,10.076849440713602,
Bihar,Indo_Gangetic_Plain,2006,103.88,7.06,12.26,,41.2009324749758,252.1302158952193,17.135534503467927,29.756608075427305,
Bihar,Indo_Gangetic_Plain,2007,2242.24,768.38,831.45,,44.062097550747,5088.818110435114,1743.8570624447575,1886.9959584706705,
Bihar,Indo_Gangetic_Plain,2008,216.42,34.2,84.51,,48.113153416174,449.81462372251616,71.08243291428728,175.6484329118836,
Bihar,Indo_Gangetic_Plain,2009,32.41,21.83,5.28,,51.5004952392024,62.931433667708426,42.3879418996012,10.252328595047842,
Bihar,Indo_Gangetic_Plain,2010,11.76,3.12,7.05,,56.9214532589359,20.660048763167932,5.481237426962921,12.385488416695061,
Bihar,Indo_Gangetic_Plain,2011,103.45,59.87,17.79,,61.8927332933406,167.14401593753945,96.7318727325325,28.74327736615589,
Bihar,Indo_Gangetic_Plain,2012,4.57,1.64,1.31,,66.8035425735272,6.840954572087309,2.454959627619953,1.960973848891548,
Bihar,Indo_Gangetic_Plain,2013,146.35,105.72,24.02,,70.9363464075585,206.3117251051513,149.03502274080356,33.86134360796539,
Bihar,Indo_Gangetic_Plain,2014,192.58,176.4,10.78,,73.2997730356476,262.7293264691874,240.65558827066496,14.706730394318413,
Bihar,Indo_Gangetic_Plain,2015,62.69,,0.69,,74.9707059453487,83.6193273219263,,0.9203594808123968,
Bihar,Indo_Gangetic_Plain,2016,528.76,443.53,44.26,,77.3982386243201,683.1680014922883,573.0492164722646,57.184763874061346,
Bihar,Indo_Gangetic_Plain,2017,0.0,0.0,0.0,,80.4703743512893,0.0,0.0,0.0,
Bihar,Indo_Gangetic_Plain,2018,5.56,5.14,0.41,,83.5960370388638,6.651032987861799,6.148616826908211,0.49045387140707514,
Bihar,Indo_Gangetic_Plain,2019,,,,,85.6069540558026,,,,
Bihar,Indo_Gangetic_Plain,2020,810.19,727.88,11.7,,89.7288072623215,902.9318729618412,811.199905814025,13.039290677067775,
Bihar,Indo_Gangetic_Plain,2021,6444.86,929.6,10.24,,97.2255663027036,6628.77085224114,956.1271128066962,10.532209160004916,
Bihar,Indo_Gangetic_Plain,2022,,,,,100.0,,,,
Bihar,Indo_Gangetic_Plain,2023,3.57,0.0,0.88,2.69,103.511128102947,3.4489045433351437,0.0,0.850150139533593,2.598754403801551
Chattisgarh,Central_India,1953,,,,,,,,,
Chattisgarh,Central_India,1954,,,,,,,,,
Chattisgarh,Central_India,1955,,,,,,,,,
Chattisgarh,Central_India,1956,,,,,,,,,
Chattisgarh,Central_India,1957,,,,,,,,,
Chattisgarh,Central_India,1958,,,,,,,,,
Chattisgarh,Central_India,1959,,,,,,,,,
Chattisgarh,Central_India,1960,,,,,1.4807409657796,,,,
Chattisgarh,Central_India,1961,,,,,1.51250919184727,,,,
Chattisgarh,Central_India,1962,,,,,1.57914454981879,,,,
Chattisgarh,Central_India,1963,,,,,1.71106034615808,,,,
Chattisgarh,Central_India,1964,,,,,1.85738469964291,,,,
Chattisgarh,Central_India,1965,,,,,2.01155449102702,,,,
Chattisgarh,Central_India,1966,,,,,2.2785019847826,,,,
Chattisgarh,Central_India,1967,,,,,2.4748223801352,,,,
Chattisgarh,Central_India,1968,,,,,2.53459883367324,,,,
Chattisgarh,Central_India,1969,,,,,2.61933970726728,,,,
Chattisgarh,Central_India,1970,,,,,2.66026017117103,,,,
Chattisgarh,Central_India,1971,,,,,2.80191479682417,,,,
Chattisgarh,Central_India,1972,,,,,3.10563122882567,,,,
Chattisgarh,Central_India,1973,,,,,3.65935644592502,,,,
Chattisgarh,Central_India,1974,,,,,4.26928025708201,,,,
Chattisgarh,Central_India,1975,,,,,4.19889342115158,,,,
Chattisgarh,Central_India,1976,,,,,4.45006531955297,,,,
Chattisgarh,Central_India,1977,,,,,4.70092570737406,,,,
Chattisgarh,Central_India,1978,,,,,4.81658175141862,,,,
Chattisgarh,Central_India,1979,,,,,5.57413581029161,,,,
Chattisgarh,Central_India,1980,,,,,6.21562524163142,,,,
Chattisgarh,Central_India,1981,,,,,6.88862716034943,,,,
Chattisgarh,Central_India,1982,,,,,7.44632098471959,,,,
Chattisgarh,Central_India,1983,,,,,8.08319436421132,,,,
Chattisgarh,Central_India,1984,,,,,8.72364467527372,,,,
Chattisgarh,Central_India,1985,,,,,9.35120495613869,,,,
Chattisgarh,Central_India,1986,,,,,9.98609570765228,,,,
Chattisgarh,Central_India,1987,,,,,10.9175880607911,,,,
Chattisgarh,Central_India,1988,,,,,11.8163801753813,,,,
Chattisgarh,Central_India,1989,,,,,12.8133055864533,,,,
Chattisgarh,Central_India,1990,,,,,14.1802679594129,,,,
Chattisgarh,Central_India,1991,,,,,16.1303127348422,,,,
Chattisgarh,Central_India,1992,,,,,17.5764198477346,,,,
Chattisgarh,Central_India,1993,,,,,19.3097682064243,,,,
Chattisgarh,Central_India,1994,,,,,21.2368917187623,,,,
Chattisgarh,Central_India,1995,,,,,23.1615279764214,,,,
Chattisgarh,Central_India,1996,,,,,24.9160179568326,,,,
Chattisgarh,Central_India,1997,,,,,26.5296468670007,,,,
Chattisgarh,Central_India,1998,,,,,28.6547160249704,,,,
Chattisgarh,Central_India,1999,,,,,29.5339560481166,,,,
Chattisgarh,Central_India,2000,,,,,30.6104599330265,,,,
Chattisgarh,Central_India,2001,231.37,50.74,12.68,167.95,31.594774786071,732.3046344422835,160.5961756130936,40.133218501656025,531.5752403275338
Chattisgarh,Central_India,2002,0.0,0.0,0.0,0.0,32.768736707346,0.0,0.0,0.0,0.0
Chattisgarh,Central_India,2003,20.98,2.31,13.88,4.79,34.0361652784497,61.64031649383155,6.786898527204523,40.7801521894367,14.073265777190331
Chattisgarh,Central_India,2004,9.9,3.37,3.23,3.3,35.9848763872227,27.51155761511865,9.365045369994935,8.975993040084166,9.17051920503955
Chattisgarh,Central_India,2005,28.96,4.54,4.7,19.72,38.0079113271814,76.19466313395976,11.944881582464687,12.365846572155073,51.88393497934
Chattisgarh,Central_India,2006,118.45,29.45,27.72,61.28,41.2009324749758,287.4934931920362,71.47896474888533,67.28003065667576,148.73449778647515
Chattisgarh,Central_India,2007,71.16,12.15,22.62,36.39,44.062097550747,161.49934741087606,27.574719941570322,51.33663910109635,82.58798836820938
Chattisgarh,Central_India,2008,56.03,12.24,24.5,19.29,48.113153416174,116.45464082419639,25.44002862195545,50.92162591812978,40.092986284111156
Chattisgarh,Central_India,2009,0.0,,,,51.5004952392024,0.0,,,
Chattisgarh,Central_India,2010,0.0,,,,56.9214532589359,0.0,,,
Chattisgarh,Central_India,2011,62.06,3.79,4.49,53.78,61.8927332933406,100.2702525769328,6.123497538939338,7.254486530300166,86.8922685076933
Chattisgarh,Central_India,2012,0.0,0.0,0.0,0.0,66.8035425735272,0.0,0.0,0.0,0.0
Chattisgarh,Central_India,2013,0.0,0.0,0.0,0.0,70.9363464075585,0.0,0.0,0.0,0.0
Chattisgarh,Central_India,2014,0.0,0.0,0.0,0.0,73.2997730356476,0.0,0.0,0.0,0.0
Chattisgarh,Central_India,2015,0.0,,,,74.9707059453487,0.0,,,
Chattisgarh,Central_India,2016,0.0,,,,77.3982386243201,0.0,,,
Chattisgarh,Central_India,2017,0.0,0.0,0.0,0.0,80.4703743512893,0.0,0.0,0.0,0.0
Chattisgarh,Central_India,2018,41.69,12.25,4.14,25.3,83.5960370388638,49.870785119416986,14.653804694479685,4.952387872256808,30.264592552680494
Chattisgarh,Central_India,2019,,,,,85.6069540558026,,,,
Chattisgarh,Central_India,2020,31.34,3.66,15.3,12.38,89.7288072623215,34.927467505923424,4.078957596416074,17.051380116165554,13.797129793341801
Chattisgarh,Central_India,2021,1.24,0.12,1.12,0.0,97.2255663027036,1.2753847029693453,0.1234243260938076,1.1519603768755378,0.0
Chattisgarh,Central_India,2022,,,,,100.0,,,,
Chattisgarh,Central_India,2023,,,,,103.511128102947,,,,
Goa,Western_Ghats,1953,0.0,0.0,0.0,0.0,,,,,
Goa,Western_Ghats,1954,0.0,0.0,0.0,0.0,,,,,
Goa,Western_Ghats,1955,0.0,0.0,0.0,0.0,,,,,
Goa,Western_Ghats,1956,0.0,0.0,0.0,0.0,,,,,
Goa,Western_Ghats,1957,0.0,0.0,0.0,0.0,,,,,
Goa,Western_Ghats,1958,0.0,0.0,0.0,0.0,,,,,
Goa,Western_Ghats,1959,0.0,0.0,0.0,0.0,,,,,
Goa,Western_Ghats,1960,0.0,0.0,0.0,0.0,1.4807409657796,0.0,0.0,0.0,0.0
Goa,Western_Ghats,1961,0.0,0.0,0.0,0.0,1.51250919184727,0.0,0.0,0.0,0.0
Goa,Western_Ghats,1962,0.0,0.0,0.0,0.0,1.57914454981879,0.0,0.0,0.0,0.0
Goa,Western_Ghats,1963,0.0,0.0,0.0,0.0,1.71106034615808,0.0,0.0,0.0,0.0
Goa,Western_Ghats,1964,0.0,0.0,0.0,0.0,1.85738469964291,0.0,0.0,0.0,0.0
Goa,Western_Ghats,1965,0.0,0.0,0.0,0.0,2.01155449102702,0.0,0.0,0.0,0.0
Goa,Western_Ghats,1966,0.0,0.0,0.0,0.0,2.2785019847826,0.0,0.0,0.0,0.0
Goa,Western_Ghats,1967,0.0,0.0,0.0,0.0,2.4748223801352,0.0,0.0,0.0,0.0
Goa,Western_Ghats,1968,0.0,0.0,0.0,0.0,2.53459883367324,0.0,0.0,0.0,0.0
Goa,Western_Ghats,1969,0.0,0.0,0.0,0.0,2.61933970726728,0.0,0.0,0.0,0.0
Goa,Western_Ghats,1970,0.0,0.0,0.0,0.0,2.66026017117103,0.0,0.0,0.0,0.0
Goa,Western_Ghats,1971,0.0,0.0,0.0,0.0,2.80191479682417,0.0,0.0,0.0,0.0
Goa,Western_Ghats,1972,0.0,0.0,0.0,0.0,3.10563122882567,0.0,0.0,0.0,0.0
Goa,Western_Ghats,1973,0.0,0.0,0.0,0.0,3.65935644592502,0.0,0.0,0.0,0.0
Goa,Western_Ghats,1974,0.01,0.01,0.0,0.0,4.26928025708201,0.23423151908127138,0.23423151908127138,0.0,0.0
Goa,Western_Ghats,1975,0.0,0.0,0.0,0.0,4.19889342115158,0.0,0.0,0.0,0.0
Goa,Western_Ghats,1976,0.19,0.14,0.05,0.0,4.45006531955297,4.26960024980232,3.146021236696446,1.1235790131058736,0.0
Goa,Western_Ghats,1977,0.0,0.0,0.0,0.0,4.70092570737406,0.0,0.0,0.0,0.0
Goa,Western_Ghats,1978,0.0,0.0,0.0,0.0,4.81658175141862,0.0,0.0,0.0,0.0
Goa,Western_Ghats,1979,0.0,0.0,0.0,0.0,5.57413581029161,0.0,0.0,0.0,0.0
Goa,Western_Ghats,1980,0.0,0.0,0.0,0.0,6.21562524163142,0.0,0.0,0.0,0.0
Goa,Western_Ghats,1981,0.0,0.0,0.0,0.0,6.88862716034943,0.0,0.0,0.0,0.0
Goa,Western_Ghats,1982,0.0,0.0,0.0,0.0,7.44632098471959,0.0,0.0,0.0,0.0
Goa,Western_Ghats,1983,0.0,0.0,0.0,0.0,8.08319436421132,0.0,0.0,0.0,0.0
Goa,Western_Ghats,1984,0.0,0.0,0.0,0.0,8.72364467527372,0.0,0.0,0.0,0.0
Goa,Western_Ghats,1985,0.0,0.0,0.0,0.0,9.35120495613869,0.0,0.0,0.0,0.0
Goa,Western_Ghats,1986,0.0,0.0,0.0,0.0,9.98609570765228,0.0,0.0,0.0,0.0
Goa,Western_Ghats,1987,0.0,0.0,0.0,0.0,10.9175880607911,0.0,0.0,0.0,0.0
Goa,Western_Ghats,1988,0.0,0.0,0.0,0.0,11.8163801753813,0.0,0.0,0.0,0.0
Goa,Western_Ghats,1989,0.0,0.0,0.0,0.0,12.8133055864533,0.0,0.0,0.0,0.0
Goa,Western_Ghats,1990,0.0,0.0,0.0,0.0,14.1802679594129,0.0,0.0,0.0,0.0
Goa,Western_Ghats,1991,0.0,0.0,0.0,0.0,16.1303127348422,0.0,0.0,0.0,0.0
Goa,Western_Ghats,1992,0.0,0.0,0.0,0.0,17.5764198477346,0.0,0.0,0.0,0.0
Goa,Western_Ghats,1993,0.0,0.0,0.0,0.0,19.3097682064243,0.0,0.0,0.0,0.0
Goa,Western_Ghats,1994,0.0,0.0,0.0,0.0,21.2368917187623,0.0,0.0,0.0,0.0
Goa,Western_Ghats,1995,0.0,0.0,0.0,0.0,23.1615279764214,0.0,0.0,0.0,0.0
Goa,Western_Ghats,1996,0.0,0.0,0.0,0.0,24.9160179568326,0.0,0.0,0.0,0.0
Goa,Western_Ghats,1997,0.0,0.0,0.0,0.0,26.5296468670007,0.0,0.0,0.0,0.0
Goa,Western_Ghats,1998,0.07,0.0,0.07,0.0,28.6547160249704,0.24428788594170797,0.0,0.24428788594170797,0.0
Goa,Western_Ghats,1999,1.16,0.56,0.6,0.0,29.5339560481166,3.927682421244661,1.8961225481870778,2.0315598730575832,0.0
Goa,Western_Ghats,2000,1.96,0.29,0.67,1.0,30.6104599330265,6.403040020595378,0.9473885744758467,2.1887942927545425,3.2668571533649886
Goa,Western_Ghats,2001,0.35,0.02,0.33,0.0,31.594774786071,1.1077781132160573,0.063301606469489,1.0444765067465684,0.0
Goa,Western_Ghats,2002,0.36,0.0,0.35,0.0,32.768736707346,1.0986081130167469,0.0,1.0680912209885038,0.0
Goa,Western_Ghats,2003,0.0,0.0,0.0,0.0,34.0361652784497,0.0,0.0,0.0,0.0
Goa,Western_Ghats,2004,0.0,0.0,0.0,0.0,35.9848763872227,0.0,0.0,0.0,0.0
Goa,Western_Ghats,2005,0.0,0.0,0.0,0.0,38.0079113271814,0.0,0.0,0.0,0.0
Goa,Western_Ghats,2006,0.0,0.0,0.0,0.0,41.2009324749758,0.0,0.0,0.0,0.0
Goa,Western_Ghats,2007,0.0,0.0,0.0,0.0,44.062097550747,0.0,0.0,0.0,0.0
Goa,Western_Ghats,2008,0.38,0.0,0.35,0.03,48.113153416174,0.7898048101587476,0.0,0.7274517988304253,0.062353011328322175
Goa,Western_Ghats,2009,1.48,0.0,1.46,0.02,51.5004952392024,2.8737587728543192,0.0,2.8349241948427744,0.03883457801154486
Goa,Western_Ghats,2010,0.0,0.0,0.0,0.0,56.9214532589359,0.0,0.0,0.0,0.0
Goa,Western_Ghats,2011,1.15,0.62,0.51,0.02,61.8927332933406,1.858053342949931,1.001733106633876,0.8240062651343173,0.032313971181737934
Goa,Western_Ghats,2012,0.57,0.0,0.55,0.02,66.8035425735272,0.8532481632581543,0.0,0.8233096312140087,0.02993853204414577
Goa,Western_Ghats,2013,0.01,0.0,0.01,0.0,70.9363464075585,0.014097145548695001,0.0,0.014097145548695001,0.0
Goa,Western_Ghats,2014,0.0,0.0,0.0,0.0,73.2997730356476,0.0,0.0,0.0,0.0
Goa,Western_Ghats,2015,0.0,0.0,0.0,0.0,74.9707059453487,0.0,0.0,0.0,0.0
Goa,Western_Ghats,2016,0.0,0.0,0.0,0.0,77.3982386243201,0.0,0.0,0.0,0.0
Goa,Western_Ghats,2017,0.0,0.0,0.0,0.0,80.4703743512893,0.0,0.0,0.0,0.0
Goa,Western_Ghats,2018,,,,,83.5960370388638,,,,
Goa,Western_Ghats,2019,,,,,85.6069540558026,,,,
Goa,Western_Ghats,2020,,,,,89.7288072623215,,,,
Goa,Western_Ghats,2021,218.63,188.18,30.45,,97.2255663027036,224.86883678240963,193.54991403610597,31.31892274630368,
Goa,Western_Ghats,2022,0.0,0.0,0.0,0.0,100.0,0.0,0.0,0.0,0.0
Goa,Western_Ghats,2023,0.0,0.0,0.0,0.0,103.511128102947,0.0,0.0,0.0,0.0
Haryana,Indo_Gangetic_Plain,1953,0.0,0.0,0.0,0.0,,,,,
Haryana,Indo_Gangetic_Plain,1954,0.0,0.0,0.0,0.0,,,,,
Haryana,Indo_Gangetic_Plain,1955,3.24,2.8,0.42,0.02,,,,,
Haryana,Indo_Gangetic_Plain,1956,3.34,3.32,0.02,0.0,,,,,
Haryana,Indo_Gangetic_Plain,1957,0.0,0.0,0.0,0.0,,,,,
Haryana,Indo_Gangetic_Plain,1958,7.91,7.3,0.6,0.01,,,,,
Haryana,Indo_Gangetic_Plain,1959,0.64,0.64,,0.0,,,,,
Haryana,Indo_Gangetic_Plain,1960,5.38,3.67,1.63,0.08,1.4807409657796,363.3316106147888,247.84888679484666,110.08002329035423,5.402700529587938
Haryana,Indo_Gangetic_Plain,1961,3.23,2.96,0.27,0.0,1.51250919184727,213.55242119587453,195.70129001231845,17.851131183556078,0.0
Haryana,Indo_Gangetic_Plain,1962,4.87,3.53,1.33,0.01,1.57914454981879,308.39482050955013,223.53875080055684,84.22281545743361,0.6332542515596512
Haryana,Indo_Gangetic_Plain,1963,4.35,3.95,0.34,0.06,1.71106034615808,254.22832162332838,230.85100469244765,19.87071939124866,3.5065975396321156
Haryana,Indo_Gangetic_Plain,1964,12.1,11.13,0.86,0.11,1.85738469964291,651.453627367894,599.2296588929471,46.30166277160238,5.922305703344491
Haryana,Indo_Gangetic_Plain,1965,0.43,0.39,0.04,0.0,2.01155449102702,21.37650269570669,19.3879908170363,1.98851187867039,0.0
Haryana,Indo_Gangetic_Plain,1966,5.72,0.91,0.18,4.63,2.2785019847826,251.04213374410404,39.938521277471104,7.899927285653624,203.20368518097933
Haryana,Indo_Gangetic_Plain,1967,18.9,17.49,1.08,0.33,2.4748223801352,763.6911703929027,706.7173846651782,43.639495451023016,13.334290276701477
Haryana,Indo_Gangetic_Plain,1968,10.06,9.31,0.71,0.04,2.53459883367324,396.9069923945579,367.31651085420816,28.012322524864423,1.5781590154853198
Haryana,Indo_Gangetic_Plain,1969,3.6,3.27,0.15,0.18,2.61933970726728,137.43921760174547,124.8406226549188,5.726634066739394,6.871960880087274
Haryana,Indo_Gangetic_Plain,1970,0.02,0.01,0.0,0.01,2.66026017117103,0.7518061660561616,0.3759030830280808,0.0,0.3759030830280808
Haryana,Indo_Gangetic_Plain,1971,6.31,5.24,0.96,0.11,2.80191479682417,225.20313633919446,187.0149658347669,34.26228381705653,3.9258866873710607
Haryana,Indo_Gangetic_Plain,1972,1.03,0.3,0.38,0.35,3.10563122882567,33.16556036788287,9.659871951810542,12.235837805626689,11.269850610445634
Haryana,Indo_Gangetic_Plain,1973,0.07,0.02,0.01,0.05,3.65935644592502,1.912904660543536,0.5465441887267245,0.27327209436336225,1.3663604718168114
Haryana,Indo_Gangetic_Plain,1974,0.0,0.0,0.0,0.0,4.26928025708201,0.0,0.0,0.0,0.0
Haryana,Indo_Gangetic_Plain,1975,3.96,3.62,0.34,0.0,4.19889342115158,94.31056239846016,86.21319087940046,8.097371519059712,0.0
Haryana,Indo_Gangetic_Plain,1976,37.74,29.71,6.16,1.87,4.45006531955297,848.0774390923134,667.6306495875101,138.42493441464362,42.02185509015967
Haryana,Indo_Gangetic_Plain,1977,71.0,56.0,15.0,0.0,4.70092570737406,1510.3408226304568,1191.2547333423322,319.0860892881247,0.0
Haryana,Indo_Gangetic_Plain,1978,52.81,42.98,7.33,2.5,4.81658175141862,1096.4207133917319,892.334070471059,152.18261369364504,51.904029227027635
Haryana,Indo_Gangetic_Plain,1979,0.01,0.01,0.0,0.0,5.57413581029161,0.17940000639268333,0.17940000639268333,0.0,0.0
Haryana,Indo_Gangetic_Plain,1980,30.44,20.41,0.72,9.31,6.21562524163142,489.7335154011053,328.3660003067201,11.583709956924961,149.78380513746026
Haryana,Indo_Gangetic_Plain,1981,0.35,0.24,0.11,0.0,6.88862716034943,5.080838196826521,3.4840033349667574,1.5968348618597639,0.0
Haryana,Indo_Gangetic_Plain,1982,0.0,0.0,0.0,0.0,7.44632098471959,0.0,0.0,0.0,0.0
Haryana,Indo_Gangetic_Plain,1983,50.96,32.28,1.61,17.07,8.08319436421132,630.4438283165321,399.347071782921,19.917868202308018,211.17888833130303
Haryana,Indo_Gangetic_Plain,1984,1.93,1.9,0.03,0.0,8.72364467527372,22.12378050507247,21.77988754385373,0.3438929612187431,0.0
Haryana,Indo_Gangetic_Plain,1985,73.37,25.6,33.14,14.63,9.35120495613869,784.6047685206124,273.76151116434073,354.3928312494629,156.45042610680878
Haryana,Indo_Gangetic_Plain,1986,3.62,2.37,0.25,1.0,9.98609570765228,36.25040362096688,23.732999055715887,2.5034809130501987,10.013923652200795
Haryana,Indo_Gangetic_Plain,1987,0.0,0.0,0.0,0.0,10.9175880607911,0.0,0.0,0.0,0.0
Haryana,Indo_Gangetic_Plain,1988,422.96,308.43,50.71,63.82,11.8163801753813,3579.4379811950453,2610.19022257421,429.1500378910553,540.0977207297801
Haryana,Indo_Gangetic_Plain,1989,0.92,0.8,0.08,0.04,12.8133055864533,7.180036359802876,6.243509878089458,0.6243509878089457,0.31217549390447286
Haryana,Indo_Gangetic_Plain,1990,13.57,9.84,2.93,0.81,14.1802679594129,95.69635805783345,69.39220068453066,20.66251504122712,5.712162861226609
Haryana,Indo_Gangetic_Plain,1991,0.02,0.02,0.0,0.0,16.1303127348422,0.12399015647600621,0.12399015647600621,0.0,0.0
Haryana,Indo_Gangetic_Plain,1992,0.0,0.0,0.0,0.0,17.5764198477346,0.0,0.0,0.0,0.0
Haryana,Indo_Gangetic_Plain,1993,0.0,0.0,0.0,0.0,19.3097682064243,0.0,0.0,0.0,0.0
Haryana,Indo_Gangetic_Plain,1994,26.22,16.62,4.38,5.22,21.2368917187623,123.46439557741512,78.26004021726314,20.624487133069344,24.579868227082642
Haryana,Indo_Gangetic_Plain,1995,11.69,10.47,0.54,0.68,23.1615279764214,50.47162696649591,45.20427154313193,2.331452400505372,2.9359030228586165
Haryana,Indo_Gangetic_Plain,1996,0.0,0.0,0.0,0.0,24.9160179568326,0.0,0.0,0.0,0.0
Haryana,Indo_Gangetic_Plain,1997,6.15,6.0,0.15,0.0,26.5296468670007,23.181612747547614,22.616207558583035,0.5654051889645759,0.0
Haryana,Indo_Gangetic_Plain,1998,398.88,398.49,0.31,0.08,28.6547160249704,1392.0221706346924,1390.6611381273028,1.0818463520275639,0.27918615536195196
Haryana,Indo_Gangetic_Plain,1999,0.0,0.0,0.0,0.0,29.5339560481166,0.0,0.0,0.0,0.0
Haryana,Indo_Gangetic_Plain,2000,0.0,0.0,0.0,0.0,30.6104599330265,0.0,0.0,0.0,0.0
Haryana,Indo_Gangetic_Plain,2001,0.0,0.0,0.0,0.0,31.594774786071,0.0,0.0,0.0,0.0
Haryana,Indo_Gangetic_Plain,2002,0.0,0.0,0.0,0.0,32.768736707346,0.0,0.0,0.0,0.0
Haryana,Indo_Gangetic_Plain,2003,0.49,0.41,0.06,0.02,34.0361652784497,1.4396451421342926,1.2046010372960407,0.1762830786286889,0.058761026209562965
Haryana,Indo_Gangetic_Plain,2004,0.0,0.0,0.0,0.0,35.9848763872227,0.0,0.0,0.0,0.0
Haryana,Indo_Gangetic_Plain,2005,,,,,38.0079113271814,,,,
Haryana,Indo_Gangetic_Plain,2006,0.52,0.08,0.44,0.0,41.2009324749758,1.262107357195938,0.19417036264552892,1.067936994550409,0.0
Haryana,Indo_Gangetic_Plain,2007,0.0,0.0,0.0,0.0,44.062097550747,0.0,0.0,0.0,0.0
Haryana,Indo_Gangetic_Plain,2008,1.43,0.33,0.44,0.66,48.113153416174,2.9721602066500235,0.685883124611544,0.9145108328153919,1.371766249223088
Haryana,Indo_Gangetic_Plain,2009,0.0,0.0,0.0,0.0,51.5004952392024,0.0,0.0,0.0,0.0
Haryana,Indo_Gangetic_Plain,2010,124.53,54.02,7.96,62.55,56.9214532589359,218.77515922426045,94.90270698863365,13.984182666225914,109.88826956940086
Haryana,Indo_Gangetic_Plain,2011,0.0,0.0,0.0,0.0,61.8927332933406,0.0,0.0,0.0,0.0
Haryana,Indo_Gangetic_Plain,2012,0.0,0.0,0.0,0.0,66.8035425735272,0.0,0.0,0.0,0.0
Haryana,Indo_Gangetic_Plain,2013,104.4,104.09,0.24,0.07,70.9363464075585,147.17419952837582,146.73718801636628,0.33833149316868,0.09868001884086501
Haryana,Indo_Gangetic_Plain,2014,29.79,29.77,0.01,0.0,73.2997730356476,40.64132638652556,40.61404117243592,0.013642607044822277,0.0
Haryana,Indo_Gangetic_Plain,2015,437.23,437.2,0.03,0.0,74.9707059453487,583.2011243414555,583.1611087118549,0.04001562960053899,0.0
Haryana,Indo_Gangetic_Plain,2016,522.45,518.24,4.21,0.0,77.3982386243201,675.0153611839891,669.5759609149019,5.439400269087173,0.0
Haryana,Indo_Gangetic_Plain,2017,18.01,17.96,0.05,0.0,80.4703743512893,22.380907439771896,22.318772771699237,0.06213466807265934,0.0
Haryana,Indo_Gangetic_Plain,2018,89.03,88.45,0.58,0.0,83.5960370388638,106.5002638326144,105.80645103891659,0.6938127936978137,0.0
Haryana,Indo_Gangetic_Plain,2019,0.6,0.6,0.0,0.0,85.6069540558026,0.7008776408618533,0.7008776408618533,0.0,0.0
Haryana,Indo_Gangetic_Plain,2020,,,,,89.7288072623215,,,,
Haryana,Indo_Gangetic_Plain,2021,614.63,614.63,,,97.2255663027036,632.1691128919747,632.1691128919747,,
Haryana,Indo_Gangetic_Plain,2022,,,,,100.0,,,,
Haryana,Indo_Gangetic_Plain,2023,5.15,,5.15,,103.511128102947,4.97531047567955,,4.97531047567955,
Jharkhand,Central_India,1953,,,,,,,,,
Jharkhand,Central_India,1954,,,,,,,,,
Jharkhand,Central_India,1955,,,,,,,,,
Jharkhand,Central_India,1956,,,,,,,,,
Jharkhand,Central_India,1957,,,,,,,,,
Jharkhand,Central_India,1958,,,,,,,,,
Jharkhand,Central_India,1959,,,,,,,,,
Jharkhand,Central_India,1960,,,,,1.4807409657796,,,,
Jharkhand,Central_India,1961,,,,,1.51250919184727,,,,
Jharkhand,Central_India,1962,,,,,1.57914454981879,,,,
Jharkhand,Central_India,1963,,,,,1.71106034615808,,,,
Jharkhand,Central_India,1964,,,,,1.85738469964291,,,,
Jharkhand,Central_India,1965,,,,,2.01155449102702,,,,
Jharkhand,Central_India,1966,,,,,2.2785019847826,,,,
Jharkhand,Central_India,1967,,,,,2.4748223801352,,,,
Jharkhand,Central_India,1968,,,,,2.53459883367324,,,,
Jharkhand,Central_India,1969,,,,,2.61933970726728,,,,
Jharkhand,Central_India,1970,,,,,2.66026017117103,,,,
Jharkhand,Central_India,1971,,,,,2.80191479682417,,,,
Jharkhand,Central_India,1972,,,,,3.10563122882567,,,,
Jharkhand,Central_India,1973,,,,,3.65935644592502,,,,
Jharkhand,Central_India,1974,,,,,4.26928025708201,,,,
Jharkhand,Central_India,1975,,,,,4.19889342115158,,,,
Jharkhand,Central_India,1976,,,,,4.45006531955297,,,,
Jharkhand,Central_India,1977,,,,,4.70092570737406,,,,
Jharkhand,Central_India,1978,,,,,4.81658175141862,,,,
Jharkhand,Central_India,1979,,,,,5.57413581029161,,,,
Jharkhand,Central_India,1980,,,,,6.21562524163142,,,,
Jharkhand,Central_India,1981,,,,,6.88862716034943,,,,
Jharkhand,Central_India,1982,,,,,7.44632098471959,,,,
Jharkhand,Central_India,1983,,,,,8.08319436421132,,,,
Jharkhand,Central_India,1984,,,,,8.72364467527372,,,,
Jharkhand,Central_India,1985,,,,,9.35120495613869,,,,
Jharkhand,Central_India,1986,,,,,9.98609570765228,,,,
Jharkhand,Central_India,1987,,,,,10.9175880607911,,,,
Jharkhand,Central_India,1988,,,,,11.8163801753813,,,,
Jharkhand,Central_India,1989,,,,,12.8133055864533,,,,
Jharkhand,Central_India,1990,,,,,14.1802679594129,,,,
Jharkhand,Central_India,1991,,,,,16.1303127348422,,,,
Jharkhand,Central_India,1992,,,,,17.5764198477346,,,,
Jharkhand,Central_India,1993,,,,,19.3097682064243,,,,
Jharkhand,Central_India,1994,,,,,21.2368917187623,,,,
Jharkhand,Central_India,1995,,,,,23.1615279764214,,,,
Jharkhand,Central_India,1996,,,,,24.9160179568326,,,,
Jharkhand,Central_India,1997,,,,,26.5296468670007,,,,
Jharkhand,Central_India,1998,,,,,28.6547160249704,,,,
Jharkhand,Central_India,1999,,,,,29.5339560481166,,,,
Jharkhand,Central_India,2000,,,,,30.6104599330265,,,,
Jharkhand,Central_India,2001,0.0,0.0,0.0,0.0,31.594774786071,0.0,0.0,0.0,0.0
Jharkhand,Central_India,2002,0.0,0.0,0.0,0.0,32.768736707346,0.0,0.0,0.0,0.0
Jharkhand,Central_India,2003,0.0,0.0,0.0,0.0,34.0361652784497,0.0,0.0,0.0,0.0
Jharkhand,Central_India,2004,0.0,0.0,0.0,0.0,35.9848763872227,0.0,0.0,0.0,0.0
Jharkhand,Central_India,2005,0.0,0.0,0.0,0.0,38.0079113271814,0.0,0.0,0.0,0.0
Jharkhand,Central_India,2006,0.0,0.0,0.0,0.0,41.2009324749758,0.0,0.0,0.0,0.0
Jharkhand,Central_India,2007,0.0,0.0,0.0,0.0,44.062097550747,0.0,0.0,0.0,0.0
Jharkhand,Central_India,2008,1.14,0.0,1.14,0.0,48.113153416174,2.3694144304762426,0.0,2.3694144304762426,0.0
Jharkhand,Central_India,2009,0.0,0.0,0.0,0.0,51.5004952392024,0.0,0.0,0.0,0.0
Jharkhand,Central_India,2010,0.0,0.0,0.0,0.0,56.9214532589359,0.0,0.0,0.0,0.0
Jharkhand,Central_India,2011,0.0,0.0,0.0,0.0,61.8927332933406,0.0,0.0,0.0,0.0
Jharkhand,Central_India,2012,3.89,3.05,0.83,0.0,66.8035425735272,5.8230444825863525,4.56562613673223,1.2424490798320493,0.0
Jharkhand,Central_India,2013,4.1,3.89,0.2,0.0,70.9363464075585,5.77982967496495,5.483789618442355,0.2819429109739,0.0
Jharkhand,Central_India,2014,0.0,0.0,0.0,0.0,73.2997730356476,0.0,0.0,0.0,0.0
Jharkhand,Central_India,2015,0.0,,,,74.9707059453487,0.0,,,
Jharkhand,Central_India,2016,0.0,,,,77.3982386243201,0.0,,,
Jharkhand,Central_India,2017,0.67,0.0,0.67,0.0,80.4703743512893,0.8326045521736352,0.0,0.8326045521736352,0.0
Jharkhand,Central_India,2018,0.2,,,0.2,83.5960370388638,0.2392457909302806,,,0.2392457909302806
Jharkhand,Central_India,2019,13.25,2.71,0.54,10.0,85.6069540558026,15.477714569032596,3.1656306778927044,0.6307898767756681,11.681294014364223
Jharkhand,Central_India,2020,0.89,0.73,0.16,0.0,89.7288072623215,0.9918776668880616,0.8135625807059381,0.17831508618212344,0.0
Jharkhand,Central_India,2021,1.49,1.48,0.02,0.0,97.2255663027036,1.5325187156647777,1.5222333551569605,0.0205707210156346,0.0
Jharkhand,Central_India,2022,0.06,0.06,0.0,0.0,100.0,0.06,0.06,0.0,0.0
Jharkhand,Central_India,2023,0.0,0.0,0.0,0.0,103.511128102947,0.0,0.0,0.0,0.0
Karnataka,Western_Ghats,1953,0.0,0.0,0.0,0.0,,,,,
Karnataka,Western_Ghats,1954,0.0,0.0,0.0,0.0,,,,,
Karnataka,Western_Ghats,1955,0.0,0.0,0.0,0.0,,,,,
Karnataka,Western_Ghats,1956,0.0,0.0,0.0,0.0,,,,,
Karnataka,Western_Ghats,1957,0.02,0.02,0.0,0.0,,,,,
Karnataka,Western_Ghats,1958,0.0,0.0,0.0,0.0,,,,,
Karnataka,Western_Ghats,1959,0.06,0.06,0.0,0.0,,,,,
Karnataka,Western_Ghats,1960,0.0,0.0,0.0,0.0,1.4807409657796,0.0,0.0,0.0,0.0
Karnataka,Western_Ghats,1961,3.0,0.0,0.0,3.0,1.51250919184727,198.34590203951194,0.0,0.0,198.34590203951194
Karnataka,Western_Ghats,1962,0.18,0.1,0.07,0.02,1.57914454981879,11.39857652807372,6.332542515596511,4.432779760917558,1.2665085031193024
Karnataka,Western_Ghats,1963,0.04,0.0,0.0,0.04,1.71106034615808,2.3377316930880774,0.0,0.0,2.3377316930880774
Karnataka,Western_Ghats,1964,0.25,0.0,0.0,0.25,1.85738469964291,13.459785689419297,0.0,0.0,13.459785689419297
Karnataka,Western_Ghats,1965,0.0,0.0,0.0,0.0,2.01155449102702,0.0,0.0,0.0,0.0
Karnataka,Western_Ghats,1966,0.0,0.0,0.0,0.0,2.2785019847826,0.0,0.0,0.0,0.0
Karnataka,Western_Ghats,1967,0.0,0.0,0.0,0.0,2.4748223801352,0.0,0.0,0.0,0.0
Karnataka,Western_Ghats,1968,0.66,0.37,0.06,0.23,2.53459883367324,26.039623755507776,14.597970893239207,2.3672385232279796,9.074414339040588
Karnataka,Western_Ghats,1969,0.24,0.2,0.03,0.01,2.61933970726728,9.162614506783031,7.63551208898586,1.145326813347879,0.381775604449293
Karnataka,Western_Ghats,1970,1.28,1.04,0.24,0.0,2.66026017117103,48.11559462759434,39.0939206349204,9.021673992673938,0.0
Karnataka,Western_Ghats,1971,0.05,0.03,0.02,0.0,2.80191479682417,1.7844939488050278,1.0706963692830165,0.7137975795220111,0.0
Karnataka,Western_Ghats,1972,2.86,1.55,0.5,0.81,3.10563122882567,92.09077927392718,49.909338417687806,16.099786586350906,26.081654269888467
Karnataka,Western_Ghats,1973,0.15,0.14,0.0,0.01,3.65935644592502,4.099081415450434,3.825809321087072,0.0,0.27327209436336225
Karnataka,Western_Ghats,1974,4.07,0.31,2.0,1.76,4.26928025708201,95.33222826607746,7.261177091519413,46.84630381625428,41.224747358303766
Karnataka,Western_Ghats,1975,1.42,0.17,0.03,1.22,4.19889342115158,33.81843399136703,4.048685759529856,0.7144739575640922,29.05527427427308
Karnataka,Western_Ghats,1976,0.25,0.04,0.0,0.21,4.45006531955297,5.617895065529368,0.8988632104846989,0.0,4.719031855044668
Karnataka,Western_Ghats,1977,2.47,0.04,0.11,2.33,4.70092570737406,52.54284270277787,0.8508962381016659,2.339964654779581,49.564705869422035
Karnataka,Western_Ghats,1978,1.68,0.26,0.01,1.42,4.81658175141862,34.87950764056257,5.398019039610874,0.20761611690811055,29.481488600951696
Karnataka,Western_Ghats,1979,2.76,0.15,0.02,2.59,5.57413581029161,49.5144017643806,2.69100009589025,0.35880001278536666,46.46460165570498
Karnataka,Western_Ghats,1980,4.34,1.09,0.11,3.14,6.21562524163142,69.82402946257545,17.53644979590029,1.7697334656413135,50.51784620103386
Karnataka,Western_Ghats,1981,9.34,1.03,0.76,7.55,6.88862716034943,135.58579645245632,14.952180979232335,11.032677227394732,109.60093824582924
Karnataka,Western_Ghats,1982,9.64,2.36,2.67,4.61,7.44632098471959,129.4599040221608,31.693503474304922,35.85663316796362,61.90976737989225
Karnataka,Western_Ghats,1983,6.75,2.64,0.29,3.83,8.08319436421132,83.50659028917957,32.66035531310135,3.5876905457573445,47.38225789741597
Karnataka,Western_Ghats,1984,3.33,0.14,0.04,3.15,8.72364467527372,38.17211869528048,1.6048338190208014,0.4585239482916575,36.10876092796802
Karnataka,Western_Ghats,1985,1.51,0.03,0.09,1.39,9.35120495613869,16.14765163508416,0.32081427089571174,0.9624428126871353,14.864394551501311
Karnataka,Western_Ghats,1986,0.57,0.01,0.01,0.55,9.98609570765228,5.7079364817544525,0.10013923652200796,0.10013923652200796,5.507658008710438
Karnataka,Western_Ghats,1987,0.08,0.01,0.0,0.07,10.9175880607911,0.7327625804760681,0.09159532255950852,0.0,0.6411672579165597
Karnataka,Western_Ghats,1988,174.44,130.96,6.02,37.46,11.8163801753813,1476.25581955661,1108.292032384394,50.946228122740145,317.0175590494761
Karnataka,Western_Ghats,1989,65.81,18.76,2.61,44.44,12.8133055864533,513.606731346334,146.4103066411978,20.36945097726685,346.8269737278693
Karnataka,Western_Ghats,1990,5.29,0.04,0.02,5.23,14.1802679594129,37.30535992085033,0.2820821166037832,0.1410410583018916,36.88223674594465
Karnataka,Western_Ghats,1991,136.24,21.54,30.78,83.92,16.1303127348422,844.6209459145543,133.53739852465867,190.82085081657357,520.262696573322
Karnataka,Western_Ghats,1992,0.0,0.0,0.0,0.0,17.5764198477346,0.0,0.0,0.0,0.0
Karnataka,Western_Ghats,1993,245.4,116.23,48.62,80.56,19.3097682064243,1270.8593773712735,601.9233310181871,251.7896614824422,417.19817213133575
Karnataka,Western_Ghats,1994,96.9,25.8,5.32,65.79,21.2368917187623,456.28146191653417,121.48670503040847,25.050746928750897,309.79109782754165
Karnataka,Western_Ghats,1995,22.73,2.36,0.45,19.92,23.1615279764214,98.13687604349462,10.18931049109755,1.942877000421143,86.00468855197595
Karnataka,Western_Ghats,1996,25.44,2.62,1.89,20.93,24.9160179568326,102.10299271767748,10.515323935546972,7.585481770299151,84.00218701183135
Karnataka,Western_Ghats,1997,51.56,6.05,1.84,43.67,26.5296468670007,194.3486102867569,22.80467595490456,6.935636984632131,164.6082973472202
Karnataka,Western_Ghats,1998,0.0,0.0,0.0,0.0,28.6547160249704,0.0,0.0,0.0,0.0
Karnataka,Western_Ghats,1999,0.0,0.0,0.0,0.0,29.5339560481166,0.0,0.0,0.0,0.0
Karnataka,Western_Ghats,2000,0.0,0.0,0.0,0.0,30.6104599330265,0.0,0.0,0.0,0.0
Karnataka,Western_Ghats,2001,54.97,2.32,4.36,48.29,31.594774786071,173.98446538139052,7.342986350460723,13.799750210348604,152.84172882058118
Karnataka,Western_Ghats,2002,0.0,0.0,0.0,0.0,32.768736707346,0.0,0.0,0.0,0.0
Karnataka,Western_Ghats,2003,0.0,0.0,0.0,0.0,34.0361652784497,0.0,0.0,0.0,0.0
Karnataka,Western_Ghats,2004,0.0,0.0,0.0,0.0,35.9848763872227,0.0,0.0,0.0,0.0
Karnataka,Western_Ghats,2005,1896.53,646.61,11.99,1237.93,38.0079113271814,4989.829574359416,1701.2510748981258,31.54606391492326,3257.0324355463677
Karnataka,Western_Ghats,2006,3272.62,851.0,445.24,1976.38,41.2009324749758,7943.072652512635,2065.487232641814,1080.6551533036911,4796.93026656713
Karnataka,Western_Ghats,2007,5475.5,1879.84,144.61,3451.05,44.062097550747,12426.780167906856,4266.3425131655595,328.19590541156253,7832.2417493297335
Karnataka,Western_Ghats,2008,625.59,270.59,14.67,340.33,48.113153416174,1300.2473452295023,562.4033778443566,30.490622539549545,707.3533448455961
Karnataka,Western_Ghats,2009,17973.19,3028.57,9892.12,5052.5,51.5004952392024,34899.06245856589,5880.66189642122,19207.815291978157,9810.585270166519
Karnataka,Western_Ghats,2010,1788.57,760.22,35.75,992.6,56.9214532589359,3142.172059212523,1335.5597168992795,62.80584551728347,1743.8064967959601
Karnataka,Western_Ghats,2011,0.0,0.0,0.0,0.0,61.8927332933406,0.0,0.0,0.0,0.0
Karnataka,Western_Ghats,2012,29.19,0.06,0.97,28.17,66.8035425735272,43.69528751843075,0.08981559613243731,1.4520188041410698,42.168422384179316
Karnataka,Western_Ghats,2013,1713.07,1703.07,10.0,0.0,70.9363464075585,2414.939712510294,2400.8425669615995,14.097145548695,0.0
Karnataka,Western_Ghats,2014,623.53,170.45,122.75,330.33,73.2997730356476,850.6574770658034,232.5382370789957,167.46300147519344,450.6562385116143
Karnataka,Western_Ghats,2015,863.99,776.48,12.02,75.49,74.9707059453487,1152.436793952323,1035.7112024075507,16.032928926615956,100.69266261815628
Karnataka,Western_Ghats,2016,2012.81,1771.26,5.37,236.18,77.3982386243201,2600.5888968221743,2288.5016913594645,6.938142385985302,305.14906307672413
Karnataka,Western_Ghats,2017,0.0,0.0,0.0,0.0,80.4703743512893,0.0,0.0,0.0,0.0
Karnataka,Western_Ghats,2018,4620.78,2220.7,367.51,2032.57,83.5960370388638,5527.510829074109,2656.4656395943703,439.62610312393707,2431.419086355802
Karnataka,Western_Ghats,2019,,,,,85.6069540558026,,,,
Karnataka,Western_Ghats,2020,,,,,89.7288072623215,,,,
Karnataka,Western_Ghats,2021,1975.81,1069.19,170.12,736.5,97.2255663027036,2032.19181449505,1099.700460135318,174.9745529589879,757.5168014007442
Karnataka,Western_Ghats,2022,,,,,100.0,,,,
Karnataka,Western_Ghats,2023,,,,,103.511128102947,,,,
Kerala,Western_Ghats,1953,0.0,0.0,0.0,0.0,,,,,
Kerala,Western_Ghats,1954,0.0,0.0,0.0,0.0,,,,,
Kerala,Western_Ghats,1955,0.0,0.0,0.0,0.0,,,,,
Kerala,Western_Ghats,1956,0.03,0.0,0.03,0.0,,,,,
Kerala,Western_Ghats,1957,0.14,0.11,0.02,0.0,,,,,
Kerala,Western_Ghats,1958,0.11,0.02,0.09,0.0,,,,,
Kerala,Western_Ghats,1959,0.0,0.0,0.0,0.0,,,,,
Kerala,Western_Ghats,1960,0.0,0.0,0.0,0.0,1.4807409657796,0.0,0.0,0.0,0.0
Kerala,Western_Ghats,1961,1.53,0.3,0.0,1.23,1.51250919184727,101.1564100401511,19.834590203951194,0.0,81.32181983619991
Kerala,Western_Ghats,1962,0.29,0.23,0.0,0.07,1.57914454981879,18.364373295229882,14.564847785871978,0.0,4.432779760917558
Kerala,Western_Ghats,1963,0.0,0.0,0.0,0.0,1.71106034615808,0.0,0.0,0.0,0.0
Kerala,Western_Ghats,1964,0.27,0.08,0.11,0.09,1.85738469964291,14.536568544572841,4.3071314206141755,5.922305703344491,4.845522848190947
Kerala,Western_Ghats,1965,0.0,0.0,0.0,0.0,2.01155449102702,0.0,0.0,0.0,0.0
Kerala,Western_Ghats,1966,0.0,0.0,0.0,0.0,2.2785019847826,0.0,0.0,0.0,0.0
Kerala,Western_Ghats,1967,0.0,0.0,0.0,0.0,2.4748223801352,0.0,0.0,0.0,0.0
Kerala,Western_Ghats,1968,15.95,7.0,6.3,2.65,2.53459883367324,629.2909074247711,276.17782770993097,248.56004493893784,104.55303477590243
Kerala,Western_Ghats,1969,3.4,0.41,0.82,2.18,2.61933970726728,129.80370551275962,15.652799782421011,31.305599564842023,83.22708176994588
Kerala,Western_Ghats,1970,2.79,0.36,0.4,2.03,2.66026017117103,104.87696016483453,13.532510989010907,15.036123321123231,76.30832585470039
Kerala,Western_Ghats,1971,7.82,1.41,0.25,6.16,2.80191479682417,279.09485359310634,50.32272935630178,8.922469744025138,219.8496544927794
Kerala,Western_Ghats,1972,3.53,1.26,0.12,2.15,3.10563122882567,113.66449329963739,40.57146219760428,3.863948780724217,69.2290823213089
Kerala,Western_Ghats,1973,3.93,0.55,0.09,3.29,3.65935644592502,107.39593308480137,15.029965189984924,2.4594488492702604,89.90651904554619
Kerala,Western_Ghats,1974,21.76,12.58,1.75,7.43,4.26928025708201,509.68778552084655,294.6632510042394,40.990515839222496,174.03401867738464
Kerala,Western_Ghats,1975,0.48,0.34,0.12,0.02,4.19889342115158,11.431583321025474,8.097371519059712,2.8578958302563686,0.47631597170939477
Kerala,Western_Ghats,1976,0.74,0.2,0.03,0.51,4.45006531955297,16.628969393966926,4.494316052423494,0.6741474078635241,11.46050593367991
Kerala,Western_Ghats,1977,13.41,6.44,3.97,3.0,4.70092570737406,285.2629638235835,136.99429433436822,84.45145163159034,63.81721785762494
Kerala,Western_Ghats,1978,74.65,23.36,21.06,30.24,4.81658175141862,1549.8543127190453,484.9912490973462,437.23954220848077,627.8311375301263
Kerala,Western_Ghats,1979,1.31,0.22,0.31,0.79,5.57413581029161,23.50140083744152,3.9468001406390334,5.5614001981731835,14.172600505021984
Kerala,Western_Ghats,1980,33.18,9.43,5.13,18.62,6.21562524163142,533.8159671816253,151.71442346361442,82.53393344309035,299.5676102749205
Kerala,Western_Ghats,1981,47.15,15.11,0.54,31.5,6.88862716034943,684.4614885153442,219.3470432972821,7.839007503675205,457.27543771438695
Kerala,Western_Ghats,1982,32.22,0.6,0.32,31.3,7.44632098471959,432.69689912801044,8.057670374823285,4.297424199905753,420.3418045532814
Kerala,Western_Ghats,1983,0.95,0.71,0.23,0.01,8.08319436421132,11.75277937403268,8.78365616375074,2.8454097431868597,0.12371346709508085
Kerala,Western_Ghats,1984,96.58,8.71,4.57,83.3,8.72364467527372,1107.1060731502068,99.84358974050842,52.38636109232187,954.8761223173766
Kerala,Western_Ghats,1985,638.4,161.5,93.07,383.83,9.35120495613869,6826.927684660746,1727.050158321915,995.2728064087964,4104.604719930035
Kerala,Western_Ghats,1986,293.91,57.66,117.64,118.61,9.98609570765228,2943.192300618336,577.4028377858978,1178.0379784449015,1187.7514843875363
Kerala,Western_Ghats,1987,0.18,0.04,0.13,0.01,10.9175880607911,1.6487158060711533,0.36638129023803406,1.1907391932736109,0.09159532255950852
Kerala,Western_Ghats,1988,151.72,100.5,4.91,46.31,11.8163801753813,1283.9803539505208,850.5142734776388,41.55248838582295,391.9135920870592
Kerala,Western_Ghats,1989,774.59,352.8,89.71,332.08,12.8133055864533,6045.200395586641,2753.3878562374507,700.1315889542565,2591.6809503949335
Kerala,Western_Ghats,1990,0.0,0.0,0.0,0.0,14.1802679594129,0.0,0.0,0.0,0.0
Kerala,Western_Ghats,1991,311.63,103.48,15.38,192.77,16.1303127348422,1931.9526231308907,641.5250696068562,95.34843033004877,1195.0791231939859
Kerala,Western_Ghats,1992,1325.36,413.15,81.95,830.26,17.5764198477346,7540.557243634709,2350.5924618274885,466.2496726292211,4723.715109178
Kerala,Western_Ghats,1993,21.49,6.84,3.85,10.8,19.3097682064243,111.29082322619668,35.422486313037936,19.938095366256736,55.93024154690202
Kerala,Western_Ghats,1994,262.33,144.5,12.83,105.0,21.2368917187623,1235.25609808632,680.4197239106211,60.41373742403646,494.42263675166237
Kerala,Western_Ghats,1995,5.55,4.05,1.5,0.0,23.1615279764214,23.962149671860764,17.485893003790288,6.4762566680704765,0.0
Kerala,Western_Ghats,1996,547.39,59.07,5.28,483.04,24.9160179568326,2196.940140869869,237.0764064399846,21.191187167819855,1938.6725472620649
Kerala,Western_Ghats,1997,1265.25,243.0,6.93,1015.32,26.5296468670007,4769.192768916198,915.956406122613,26.121719730163406,3827.1146430634217
Kerala,Western_Ghats,1998,33.22,15.98,4.84,12.4,28.6547160249704,115.93205101405054,55.7674345335499,16.890762399398092,43.27385408110255
Kerala,Western_Ghats,1999,19.8,5.04,3.25,11.51,29.5339560481166,67.04147581090025,17.0651029336837,11.004282645728576,38.97209023148797
Kerala,Western_Ghats,2000,32.4,14.8,3.64,13.96,30.6104599330265,105.84617176902563,48.34948586980183,11.891360038248559,45.60532586097524
Kerala,Western_Ghats,2001,40.53,12.3,3.62,24.61,31.594774786071,128.28070551041947,38.93048797873574,11.457590770977509,77.89262676070621
Kerala,Western_Ghats,2002,21.13,8.75,1.46,10.91,32.768736707346,64.4821928556774,26.7022805247126,4.455466236123473,33.29392920281308
Kerala,Western_Ghats,2003,0.0,0.0,0.0,0.0,34.0361652784497,0.0,0.0,0.0,0.0
Kerala,Western_Ghats,2004,0.0,0.0,0.0,0.0,35.9848763872227,0.0,0.0,0.0,0.0
Kerala,Western_Ghats,2005,0.0,0.0,0.0,0.0,38.0079113271814,0.0,0.0,0.0,0.0
Kerala,Western_Ghats,2006,0.0,0.0,0.0,0.0,41.2009324749758,0.0,0.0,0.0,0.0
Kerala,Western_Ghats,2007,0.0,0.0,0.0,0.0,44.062097550747,0.0,0.0,0.0,0.0
Kerala,Western_Ghats,2008,30.79,22.13,5.89,2.77,48.113153416174,63.99497395996799,45.995738023192324,12.241974557460587,5.75726137931508
Kerala,Western_Ghats,2009,607.33,158.06,16.62,432.65,51.5004952392024,1179.270213187577,306.909670025239,32.27153432759378,840.089008834744
Kerala,Western_Ghats,2010,49.41,30.57,5.95,12.89,56.9214532589359,86.80382732892241,53.70558594303093,10.45300086231711,22.645240523574376
Kerala,Western_Ghats,2011,141.07,60.21,9.32,71.53,61.8927332933406,227.9265957303885,97.28121024262205,15.058310570689876,115.57091793148572
Kerala,Western_Ghats,2012,129.81,13.03,6.14,110.64,66.8035425735272,194.3160422325281,19.50495362676097,9.19112933755275,165.6199592682144
Kerala,Western_Ghats,2013,675.53,138.8,36.83,499.9,70.9363464075585,952.3044732509933,195.66838021588663,51.919787055843685,704.716305979263
Kerala,Western_Ghats,2014,333.56,215.56,10.0,108.0,73.2997730356476,455.0628005870919,294.080037458189,13.642607044822277,147.3401560840806
Kerala,Western_Ghats,2015,6.51,,,6.51,74.9707059453487,8.683391623316961,,,8.683391623316961
Kerala,Western_Ghats,2016,42.68,42.68,,,77.3982386243201,55.143373749320794,55.143373749320794,,
Kerala,Western_Ghats,2017,0.0,0.0,0.0,0.0,80.4703743512893,0.0,0.0,0.0,0.0
Kerala,Western_Ghats,2018,3320.76,168.48,998.13,2154.15,83.5960370388638,3972.389263448193,201.54065427966836,1193.9920065062047,2576.85660266232
Kerala,Western_Ghats,2019,,,,,85.6069540558026,,,,
Kerala,Western_Ghats,2020,0.0,,0.0,0.0,89.7288072623215,0.0,,0.0,0.0
Kerala,Western_Ghats,2021,9256.3,9256.3,,,97.2255663027036,9520.438246850927,9520.438246850927,,
Kerala,Western_Ghats,2022,,,,,100.0,,,,
Kerala,Western_Ghats,2023,,0.0,,,103.511128102947,,0.0,,
Madhya Pradesh,Central_India,1953,0.12,0.07,0.0,0.05,,,,,
Madhya Pradesh,Central_India,1954,1.0,0.0,0.0,1.0,,,,,
Madhya Pradesh,Central_India,1955,7.01,3.0,4.0,0.01,,,,,
Madhya Pradesh,Central_India,1956,2.12,0.0,1.1,1.02,,,,,
Madhya Pradesh,Central_India,1957,0.09,0.0,0.01,0.08,,,,,
Madhya Pradesh,Central_India,1958,0.01,0.0,0.01,0.0,,,,,
Madhya Pradesh,Central_India,1959,0.22,0.07,0.15,0.0,,,,,
Madhya Pradesh,Central_India,1960,0.0,0.0,0.0,0.0,1.4807409657796,0.0,0.0,0.0,0.0
Madhya Pradesh,Central_India,1961,0.69,0.0,0.0,0.69,1.51250919184727,45.619557469087745,0.0,0.0,45.619557469087745
Madhya Pradesh,Central_India,1962,0.14,0.03,0.1,0.01,1.57914454981879,8.865559521835117,1.8997627546789533,6.332542515596511,0.6332542515596512
Madhya Pradesh,Central_India,1963,0.0,0.0,0.0,0.0,1.71106034615808,0.0,0.0,0.0,0.0
Madhya Pradesh,Central_India,1964,0.18,0.01,0.08,0.1,1.85738469964291,9.691045696381893,0.5383914275767719,4.3071314206141755,5.383914275767719
Madhya Pradesh,Central_India,1965,1.0,0.0,0.0,1.0,2.01155449102702,49.71279696675975,0.0,0.0,49.71279696675975
Madhya Pradesh,Central_India,1966,0.0,0.0,0.0,0.0,2.2785019847826,0.0,0.0,0.0,0.0
Madhya Pradesh,Central_India,1967,0.55,0.43,0.11,0.01,2.4748223801352,22.223817127835797,17.374984299944348,4.444763425567159,0.4040694023242872
Madhya Pradesh,Central_India,1968,0.0,0.0,0.0,0.0,2.53459883367324,0.0,0.0,0.0,0.0
Madhya Pradesh,Central_India,1969,0.15,0.01,0.13,0.02,2.61933970726728,5.726634066739394,0.381775604449293,4.963082857840809,0.763551208898586
Madhya Pradesh,Central_India,1970,1.57,0.0,0.0,1.57,2.66026017117103,59.01678403540868,0.0,0.0,59.01678403540868
Madhya Pradesh,Central_India,1971,0.97,0.31,0.12,0.54,2.80191479682417,34.61918260681753,11.063862482591171,4.282785477132066,19.2725346470943
Madhya Pradesh,Central_India,1972,0.02,0.0,0.0,0.02,3.10563122882567,0.6439914634540362,0.0,0.0,0.6439914634540362
Madhya Pradesh,Central_India,1973,69.41,58.83,6.83,3.75,3.65935644592502,1896.7816069760972,1607.6597311396602,186.64484045017642,102.47703538626085
Madhya Pradesh,Central_India,1974,0.89,0.49,0.32,0.09,4.26928025708201,20.846605198233153,11.477344434982298,7.495408610600684,2.1080836717314426
Madhya Pradesh,Central_India,1975,0.12,0.06,0.05,0.01,4.19889342115158,2.8578958302563686,1.4289479151281843,1.190789929273487,0.23815798585469738
Madhya Pradesh,Central_India,1976,0.59,0.48,0.08,0.03,4.45006531955297,13.258232354649307,10.786358525816386,1.7977264209693977,0.6741474078635241
Madhya Pradesh,Central_India,1977,0.0,0.0,0.0,0.0,4.70092570737406,0.0,0.0,0.0,0.0
Madhya Pradesh,Central_India,1978,5.78,3.4,2.23,0.15,4.81658175141862,120.0021155728879,70.58947974875758,46.29839407050865,3.1142417536216582
Madhya Pradesh,Central_India,1979,0.03,0.02,0.01,0.01,5.57413581029161,0.53820001917805,0.35880001278536666,0.17940000639268333,0.17940000639268333
Madhya Pradesh,Central_India,1980,0.0,0.0,0.0,0.0,6.21562524163142,0.0,0.0,0.0,0.0
Madhya Pradesh,Central_India,1981,0.0,0.0,0.0,0.0,6.88862716034943,0.0,0.0,0.0,0.0
Madhya Pradesh,Central_India,1982,30.64,25.23,2.8,2.61,7.44632098471959,411.47836714097576,338.82503926131915,37.60246174917533,35.05086613048129
Madhya Pradesh,Central_India,1983,20.91,7.11,3.91,9.88,8.08319436421132,258.68485969581405,87.96027510460249,48.37196563417661,122.22890548993989
Madhya Pradesh,Central_India,1984,12.57,1.14,0.26,11.17,8.72364467527372,144.09115075065336,13.067932526312237,2.9804056638957737,128.04281256044536
Madhya Pradesh,Central_India,1985,7.39,0.0,0.03,7.36,9.35120495613869,79.02724873064366,0.0,0.32081427089571174,78.70643445974795
Madhya Pradesh,Central_India,1986,16.91,11.16,3.35,2.41,9.98609570765228,169.33544895871543,111.75538795856087,33.546644234872666,24.133556001803917
Madhya Pradesh,Central_India,1987,0.03,0.01,0.02,0.0,10.9175880607911,0.27478596767852553,0.09159532255950852,0.18319064511901703,0.0
Madhya Pradesh,Central_India,1988,0.0,0.0,0.0,0.0,11.8163801753813,0.0,0.0,0.0,0.0
Madhya Pradesh,Central_India,1989,0.0,0.0,0.0,0.0,12.8133055864533,0.0,0.0,0.0,0.0
Madhya Pradesh,Central_India,1990,1.67,0.0,0.0,1.67,14.1802679594129,11.776928368207948,0.0,0.0,11.776928368207948
Madhya Pradesh,Central_India,1991,0.9,0.05,0.85,0.0,16.1303127348422,5.579557041420279,0.30997539119001555,5.269581650230264,0.0
Madhya Pradesh,Central_India,1992,0.0,0.0,0.0,0.0,17.5764198477346,0.0,0.0,0.0,0.0
Madhya Pradesh,Central_India,1993,0.0,0.0,0.0,0.0,19.3097682064243,0.0,0.0,0.0,0.0
Madhya Pradesh,Central_India,1994,31.55,31.55,0.0,0.0,21.2368917187623,148.56223037633285,148.56223037633285,0.0,0.0
Madhya Pradesh,Central_India,1995,0.0,0.0,0.0,0.0,23.1615279764214,0.0,0.0,0.0,0.0
Madhya Pradesh,Central_India,1996,0.0,0.0,0.0,0.0,24.9160179568326,0.0,0.0,0.0,0.0
Madhya Pradesh,Central_India,1997,0.0,0.0,0.0,0.0,26.5296468670007,0.0,0.0,0.0,0.0
Madhya Pradesh,Central_India,1998,24.86,19.68,4.74,0.44,28.6547160249704,86.75709777872656,68.67979421904018,16.541779705195655,1.5355238544907357
Madhya Pradesh,Central_India,1999,19.36,10.61,8.75,0.0,29.5339560481166,65.55166523732468,35.92475042190159,29.62691481542309,0.0
Madhya Pradesh,Central_India,2000,0.05,0.0,0.05,0.0,30.6104599330265,0.16334285766824944,0.0,0.16334285766824944,0.0
Madhya Pradesh,Central_India,2001,0.02,0.0,0.02,0.0,31.594774786071,0.063301606469489,0.0,0.063301606469489,0.0
Madhya Pradesh,Central_India,2002,3.11,1.99,1.12,0.0,32.768736707346,9.490753420783562,6.072861513620351,3.417891907163213,0.0
Madhya Pradesh,Central_India,2003,81.68,22.72,7.37,51.6,34.0361652784497,239.98003103985516,66.75252577406353,21.653438158223953,151.60344762067245
Madhya Pradesh,Central_India,2004,0.0,0.0,0.0,0.0,35.9848763872227,0.0,0.0,0.0,0.0
Madhya Pradesh,Central_India,2005,411.87,5.98,173.88,232.01,38.0079113271814,1083.642814398619,15.733566489678156,457.48370254602634,610.4255453629145
Madhya Pradesh,Central_India,2006,0.0,0.0,0.0,0.0,41.2009324749758,0.0,0.0,0.0,0.0
Madhya Pradesh,Central_India,2007,0.0,0.0,0.0,0.0,44.062097550747,0.0,0.0,0.0,0.0
Madhya Pradesh,Central_India,2008,0.0,0.0,0.0,0.0,48.113153416174,0.0,0.0,0.0,0.0
Madhya Pradesh,Central_India,2009,0.0,0.0,0.0,0.0,51.5004952392024,0.0,0.0,0.0,0.0
Madhya Pradesh,Central_India,2010,0.07,0.0,0.07,0.0,56.9214532589359,0.12297648073314248,0.0,0.12297648073314248,0.0
Madhya Pradesh,Central_India,2011,8.97,0.0,6.51,2.45,61.8927332933406,14.492816075009463,0.0,10.518197619655696,3.9584614697628973
Madhya Pradesh,Central_India,2012,0.0,0.0,0.0,0.0,66.8035425735272,0.0,0.0,0.0,0.0
Madhya Pradesh,Central_India,2013,35.23,0.0,0.0,35.23,70.9363464075585,49.66424376805248,0.0,0.0,49.66424376805248
Madhya Pradesh,Central_India,2014,464.06,0.0,0.0,464.06,73.2997730356476,633.0988225220226,0.0,0.0,633.0988225220226
Madhya Pradesh,Central_India,2015,69.01,,,69.01,74.9707059453487,92.04928662443987,,,92.04928662443987
Madhya Pradesh,Central_India,2016,207.86,,,207.86,77.3982386243201,268.55908311934917,,,268.55908311934917
Madhya Pradesh,Central_India,2017,0.0,0.0,0.0,0.0,80.4703743512893,0.0,0.0,0.0,0.0
Madhya Pradesh,Central_India,2018,1.67,,1.67,0.0,83.5960370388638,1.9977023542678427,,1.9977023542678427,0.0
Madhya Pradesh,Central_India,2019,0.0,,,,85.6069540558026,0.0,,,
Madhya Pradesh,Central_India,2020,0.0,,,,89.7288072623215,0.0,,,
Madhya Pradesh,Central_India,2021,,,,,97.2255663027036,,,,
Madhya Pradesh,Central_India,2022,,,,,100.0,,,,
Madhya Pradesh,Central_India,2023,,0.0,,,103.511128102947,,0.0,,
Maharashtra,Western_Ghats,1953,0.0,0.0,0.0,0.0,,,,,
Maharashtra,Western_Ghats,1954,0.0,0.0,0.0,0.0,,,,,
Maharashtra,Western_Ghats,1955,0.0,0.0,0.0,0.0,,,,,
Maharashtra,Western_Ghats,1956,0.26,0.21,0.05,0.0,,,,,
Maharashtra,Western_Ghats,1957,0.0,0.0,0.0,0.0,,,,,
Maharashtra,Western_Ghats,1958,0.5,0.0,0.0,0.5,,,,,
Maharashtra,Western_Ghats,1959,3.29,0.0,0.0,3.29,,,,,
Maharashtra,Western_Ghats,1960,0.0,0.0,0.0,0.0,1.4807409657796,0.0,0.0,0.0,0.0
Maharashtra,Western_Ghats,1961,0.28,0.09,0.07,0.13,1.51250919184727,18.51228419035445,5.950377061185359,4.628071047588612,8.594989088378851
Maharashtra,Western_Ghats,1962,0.42,0.34,0.07,0.02,1.57914454981879,26.596678565505346,21.53064455302814,4.432779760917558,1.2665085031193024
Maharashtra,Western_Ghats,1963,1.51,1.32,0.19,0.0,1.71106034615808,88.24937141407491,77.14514587190655,11.104225542168367,0.0
Maharashtra,Western_Ghats,1964,0.09,0.05,0.04,0.0,1.85738469964291,4.845522848190947,2.6919571378838594,2.1535657103070878,0.0
Maharashtra,Western_Ghats,1965,0.05,0.0,0.05,0.0,2.01155449102702,2.4856398483379873,0.0,2.4856398483379873,0.0
Maharashtra,Western_Ghats,1966,0.0,0.0,0.0,0.0,2.2785019847826,0.0,0.0,0.0,0.0
Maharashtra,Western_Ghats,1967,0.0,0.0,0.0,0.0,2.4748223801352,0.0,0.0,0.0,0.0
Maharashtra,Western_Ghats,1968,3.08,1.3,1.28,0.5,2.53459883367324,121.51824419236962,51.29016800327289,50.50108849553023,19.726987693566496
Maharashtra,Western_Ghats,1969,4.48,4.48,0.0,0.0,2.61933970726728,171.03547079328328,171.03547079328328,0.0,0.0
Maharashtra,Western_Ghats,1970,4.95,3.12,0.34,1.48,2.66026017117103,186.07202609889998,117.2817619047612,12.780704822954746,55.633656288155954
Maharashtra,Western_Ghats,1971,0.03,0.02,0.0,0.01,2.80191479682417,1.0706963692830165,0.7137975795220111,0.0,0.35689878976100553
Maharashtra,Western_Ghats,1972,0.1,0.08,0.01,0.0,3.10563122882567,3.219957317270181,2.575965853816145,0.3219957317270181,0.0
Maharashtra,Western_Ghats,1973,0.79,0.71,0.07,0.01,3.65935644592502,21.58849545470562,19.40231869979872,1.912904660543536,0.27327209436336225
Maharashtra,Western_Ghats,1974,0.4,0.14,0.05,0.21,4.26928025708201,9.369260763250855,3.2792412671377997,1.1711575954063569,4.918861900706699
Maharashtra,Western_Ghats,1975,1.55,1.37,0.09,0.08,4.19889342115158,36.914487807478096,32.627644062093545,2.1434218726922767,1.905263886837579
Maharashtra,Western_Ghats,1976,4.79,1.87,1.0,1.91,4.45006531955297,107.63886945554269,42.02185509015967,22.47158026211747,42.92071830064437
Maharashtra,Western_Ghats,1977,0.04,0.04,0.0,0.0,4.70092570737406,0.8508962381016659,0.8508962381016659,0.0,0.0
Maharashtra,Western_Ghats,1978,4.95,3.49,0.83,0.63,4.81658175141862,102.76997786951472,72.45802480093059,17.232137703373176,13.079815365210965
Maharashtra,Western_Ghats,1979,8.52,5.04,2.9,0.58,5.57413581029161,152.8488054465662,90.4176032219124,52.026001853878164,10.405200370775633
Maharashtra,Western_Ghats,1980,0.36,0.21,0.15,0.01,6.21562524163142,5.791854978462481,3.3785820707697805,2.4132729076927,0.1608848605128467
Maharashtra,Western_Ghats,1981,0.42,0.35,0.03,0.05,6.88862716034943,6.097005836191825,5.080838196826521,0.4355004168708447,0.7258340281180745
Maharashtra,Western_Ghats,1982,3.28,1.9,0.14,1.24,7.44632098471959,44.048598049033956,25.515956186940404,1.8801230874587669,16.65251877463479
Maharashtra,Western_Ghats,1983,106.8,53.75,20.43,32.62,8.08319436421132,1321.2598285754634,664.9598856360595,252.74661327525018,403.5533296641537
Maharashtra,Western_Ghats,1984,2.58,1.71,0.25,0.62,8.72364467527372,29.574794664811908,19.601898789468358,2.865774676822859,7.107121198520691
Maharashtra,Western_Ghats,1985,8.59,0.13,0.07,8.4,9.35120495613869,91.85981956647214,1.3901951738814178,0.7485666320899942,89.8279958507993
Maharashtra,Western_Ghats,1986,17.79,6.9,5.08,5.81,9.98609570765228,178.14770177265214,69.09607320018549,50.870732153180036,58.18089641928661
Maharashtra,Western_Ghats,1987,0.84,0.69,0.14,0.01,10.9175880607911,7.694007094998716,6.320077256606088,1.2823345158331194,0.09159532255950852
Maharashtra,Western_Ghats,1988,3.67,1.38,0.07,2.22,11.8163801753813,31.058580931969495,11.678703456707874,0.5923980014272111,18.78747947383441
Maharashtra,Western_Ghats,1989,135.96,35.87,14.41,85.68,12.8133055864533,1061.0845037813033,279.94337415883604,112.46122167908635,668.679907943381
Maharashtra,Western_Ghats,1990,68.63,0.0,50.27,18.36,14.1802679594129,483.98239156294096,0.0,354.50670004180455,129.47569152113647
Maharashtra,Western_Ghats,1991,16.72,0.18,14.02,2.52,16.1303127348422,103.65577081394117,1.1159114082840558,86.91709968968034,15.622759715976782
Maharashtra,Western_Ghats,1992,31.63,7.8,6.02,17.81,17.5764198477346,179.95701214475,44.37763815140847,34.25043354762551,101.328940445716
Maharashtra,Western_Ghats,1993,10.9,2.39,0.69,7.82,19.3097682064243,56.44811415381777,12.37715530528665,3.5733209877187395,40.49763786081238
Maharashtra,Western_Ghats,1994,228.6,61.58,52.73,114.29,21.2368917187623,1076.4287120136191,289.9671044873083,248.29433938966815,538.1672681366429
Maharashtra,Western_Ghats,1995,0.0,0.0,0.0,0.0,23.1615279764214,0.0,0.0,0.0,0.0
Maharashtra,Western_Ghats,1996,0.0,0.0,0.0,0.0,24.9160179568326,0.0,0.0,0.0,0.0
Maharashtra,Western_Ghats,1997,0.0,0.0,0.0,0.0,26.5296468670007,0.0,0.0,0.0,0.0
Maharashtra,Western_Ghats,1998,0.57,0.54,0.02,0.01,28.6547160249704,1.9892013569539073,1.8845065486931758,0.06979653884048799,0.034898269420243995
Maharashtra,Western_Ghats,1999,4.67,4.39,0.28,0.0,29.5339560481166,15.812307678631523,14.864246404537983,0.9480612740935389,0.0
Maharashtra,Western_Ghats,2000,14.09,3.79,1.7,8.6,30.6104599330265,46.03001729091269,12.381388611253307,5.553657160720481,28.0949715189389
Maharashtra,Western_Ghats,2001,1.65,1.3,0.3,0.05,31.594774786071,5.2223825337328424,4.114604420516785,0.949524097042335,0.1582540161737225
Maharashtra,Western_Ghats,2002,40.09,21.7,2.52,15.87,32.768736707346,122.34222014122608,66.22165570128725,7.690256791117228,48.43030764882159
Maharashtra,Western_Ghats,2003,114.49,74.49,39.96,0.04,34.0361652784497,336.37749453664316,218.85544211751724,117.40453036670681,0.11752205241912593
Maharashtra,Western_Ghats,2004,0.0,0.0,0.0,0.0,35.9848763872227,0.0,0.0,0.0,0.0
Maharashtra,Western_Ghats,2005,0.0,0.0,0.0,0.0,38.0079113271814,0.0,0.0,0.0,0.0
Maharashtra,Western_Ghats,2006,0.0,0.0,0.0,0.0,41.2009324749758,0.0,0.0,0.0,0.0
Maharashtra,Western_Ghats,2007,0.0,0.0,0.0,0.0,44.062097550747,0.0,0.0,0.0,0.0
Maharashtra,Western_Ghats,2008,0.0,0.0,0.0,0.0,48.113153416174,0.0,0.0,0.0,0.0
Maharashtra,Western_Ghats,2009,0.0,0.0,0.0,0.0,51.5004952392024,0.0,0.0,0.0,0.0
Maharashtra,Western_Ghats,2010,0.0,0.0,0.0,0.0,56.9214532589359,0.0,0.0,0.0,0.0
Maharashtra,Western_Ghats,2011,0.0,0.0,0.0,0.0,61.8927332933406,0.0,0.0,0.0,0.0
Maharashtra,Western_Ghats,2012,0.0,0.0,0.0,0.0,66.8035425735272,0.0,0.0,0.0,0.0
Maharashtra,Western_Ghats,2013,0.0,0.0,0.0,0.0,70.9363464075585,0.0,0.0,0.0,0.0
Maharashtra,Western_Ghats,2014,0.0,0.0,0.0,0.0,73.2997730356476,0.0,0.0,0.0,0.0
Maharashtra,Western_Ghats,2015,0.0,,,,74.9707059453487,0.0,,,
Maharashtra,Western_Ghats,2016,0.0,,,,77.3982386243201,0.0,,,
Maharashtra,Western_Ghats,2017,0.0,0.0,0.0,0.0,80.4703743512893,0.0,0.0,0.0,0.0
Maharashtra,Western_Ghats,2018,0.0,,,,83.5960370388638,0.0,,,
Maharashtra,Western_Ghats,2019,0.0,,,,85.6069540558026,0.0,,,
Maharashtra,Western_Ghats,2020,0.0,,,,89.7288072623215,0.0,,,
Maharashtra,Western_Ghats,2021,,,,,97.2255663027036,,,,
Maharashtra,Western_Ghats,2022,10526.13,5684.84,1488.88,3352.41,100.0,10526.13,5684.84,1488.88,3352.41
Maharashtra,Western_Ghats,2023,,,,,103.511128102947,,,,
Meghalaya,Northeast,1953,0.0,0.0,0.0,0.0,,,,,
Meghalaya,Northeast,1954,0.0,0.0,0.0,0.0,,,,,
Meghalaya,Northeast,1955,0.0,0.0,0.0,0.0,,,,,
Meghalaya,Northeast,1956,0.0,0.0,0.0,0.0,,,,,
Meghalaya,Northeast,1957,0.0,0.0,0.0,0.0,,,,,
Meghalaya,Northeast,1958,0.0,0.0,0.0,0.0,,,,,
Meghalaya,Northeast,1959,0.0,0.0,0.0,0.0,,,,,
Meghalaya,Northeast,1960,0.0,0.0,0.0,0.0,1.4807409657796,0.0,0.0,0.0,0.0
Meghalaya,Northeast,1961,0.0,0.0,0.0,0.0,1.51250919184727,0.0,0.0,0.0,0.0
Meghalaya,Northeast,1962,0.0,0.0,0.0,0.0,1.57914454981879,0.0,0.0,0.0,0.0
Meghalaya,Northeast,1963,0.0,0.0,0.0,0.0,1.71106034615808,0.0,0.0,0.0,0.0
Meghalaya,Northeast,1964,0.0,0.0,0.0,0.0,1.85738469964291,0.0,0.0,0.0,0.0
Meghalaya,Northeast,1965,0.0,0.0,0.0,0.0,2.01155449102702,0.0,0.0,0.0,0.0
Meghalaya,Northeast,1966,0.0,0.0,0.0,0.0,2.2785019847826,0.0,0.0,0.0,0.0
Meghalaya,Northeast,1967,0.0,0.0,0.0,0.0,2.4748223801352,0.0,0.0,0.0,0.0
Meghalaya,Northeast,1968,0.0,0.0,0.0,0.0,2.53459883367324,0.0,0.0,0.0,0.0
Meghalaya,Northeast,1969,0.0,0.0,0.0,0.0,2.61933970726728,0.0,0.0,0.0,0.0
Meghalaya,Northeast,1970,0.0,0.0,0.0,0.0,2.66026017117103,0.0,0.0,0.0,0.0
Meghalaya,Northeast,1971,0.0,0.0,0.0,0.0,2.80191479682417,0.0,0.0,0.0,0.0
Meghalaya,Northeast,1972,0.0,0.0,0.0,0.0,3.10563122882567,0.0,0.0,0.0,0.0
Meghalaya,Northeast,1973,0.37,0.35,0.01,0.0,3.65935644592502,10.111067491444404,9.564523302717678,0.27327209436336225,0.0
Meghalaya,Northeast,1974,0.98,0.39,0.01,0.58,4.26928025708201,22.954688869964595,9.135029244169584,0.23423151908127138,13.58542810671374
Meghalaya,Northeast,1975,0.0,0.0,0.0,0.0,4.19889342115158,0.0,0.0,0.0,0.0
Meghalaya,Northeast,1976,0.03,0.03,0.0,0.0,4.45006531955297,0.6741474078635241,0.6741474078635241,0.0,0.0
Meghalaya,Northeast,1977,0.0,0.0,0.0,0.0,4.70092570737406,0.0,0.0,0.0,0.0
Meghalaya,Northeast,1978,0.0,0.0,0.0,0.0,4.81658175141862,0.0,0.0,0.0,0.0
Meghalaya,Northeast,1979,0.0,0.0,0.0,0.0,5.57413581029161,0.0,0.0,0.0,0.0
Meghalaya,Northeast,1980,0.69,0.0,0.0,0.69,6.21562524163142,11.101055375386421,0.0,0.0,11.101055375386421
Meghalaya,Northeast,1981,0.0,0.0,0.0,0.0,6.88862716034943,0.0,0.0,0.0,0.0
Meghalaya,Northeast,1982,0.0,0.0,0.0,0.0,7.44632098471959,0.0,0.0,0.0,0.0
Meghalaya,Northeast,1983,3.05,0.48,0.22,2.35,8.08319436421132,37.732607463999656,5.938246420563881,2.721696276091779,29.072664767344
Meghalaya,Northeast,1984,13.25,8.58,0.0,4.67,8.72364467527372,151.88605787161154,98.35338690856052,0.0,53.53267096305101
Meghalaya,Northeast,1985,10.0,1.5,0.0,8.5,9.35120495613869,106.93809029857059,16.04071354478559,0.0,90.897376753785
Meghalaya,Northeast,1986,0.0,0.0,0.0,0.0,9.98609570765228,0.0,0.0,0.0,0.0
Meghalaya,Northeast,1987,2.73,2.35,0.0,0.38,10.9175880607911,25.005523058745826,21.524900801484502,0.0,3.4806222572613237
Meghalaya,Northeast,1988,12.29,10.46,0.23,1.6,11.8163801753813,104.00816339343463,88.52118707040897,1.9464505761179793,13.540525746907683
Meghalaya,Northeast,1989,0.0,0.0,0.0,0.0,12.8133055864533,0.0,0.0,0.0,0.0
Meghalaya,Northeast,1990,0.0,0.0,0.0,0.0,14.1802679594129,0.0,0.0,0.0,0.0
Meghalaya,Northeast,1991,2.21,2.21,0.0,0.0,16.1303127348422,13.700912290598685,13.700912290598685,0.0,0.0
Meghalaya,Northeast,1992,0.0,0.0,0.0,0.0,17.5764198477346,0.0,0.0,0.0,0.0
Meghalaya,Northeast,1993,8.65,6.5,0.0,2.15,19.3097682064243,44.79598049821319,33.661719449524355,0.0,11.134261048688826
Meghalaya,Northeast,1994,0.0,0.0,0.0,0.0,21.2368917187623,0.0,0.0,0.0,0.0
Meghalaya,Northeast,1995,0.0,0.0,0.0,0.0,23.1615279764214,0.0,0.0,0.0,0.0
Meghalaya,Northeast,1996,0.0,0.0,0.0,0.0,24.9160179568326,0.0,0.0,0.0,0.0
Meghalaya,Northeast,1997,0.0,0.0,0.0,0.0,26.5296468670007,0.0,0.0,0.0,0.0
Meghalaya,Northeast,1998,0.01,0.01,0.0,0.0,28.6547160249704,0.034898269420243995,0.034898269420243995,0.0,0.0
Meghalaya,Northeast,1999,0.04,0.0,0.0,0.04,29.5339560481166,0.13543732487050555,0.0,0.0,0.13543732487050555
Meghalaya,Northeast,2000,7.68,6.51,1.08,0.09,30.6104599330265,25.089462937843113,21.267240068406075,3.528205725634188,0.294017143802849
Meghalaya,Northeast,2001,0.69,0.59,0.1,0.0,31.594774786071,2.1839054231973702,1.8673973908499255,0.316508032347445,0.0
Meghalaya,Northeast,2002,4.86,0.13,0.6,4.13,32.768736707346,14.831209525726084,0.39671959636715864,1.8310135216945782,12.603476407664346
Meghalaya,Northeast,2003,1.11,0.23,0.81,0.06,34.0361652784497,3.261236954630745,0.6757518014099742,2.3798215614873004,0.1762830786286889
Meghalaya,Northeast,2004,210.34,78.05,1.42,130.87,35.9848763872227,584.5233362387936,216.8966739252536,3.9461022033806548,363.6805601101594
Meghalaya,Northeast,2005,0.48,0.0,0.0,0.48,38.0079113271814,1.2628949690711562,0.0,0.0,1.2628949690711562
Meghalaya,Northeast,2006,0.0,0.0,0.0,0.0,41.2009324749758,0.0,0.0,0.0,0.0
Meghalaya,Northeast,2007,0.0,0.0,0.0,0.0,44.062097550747,0.0,0.0,0.0,0.0
Meghalaya,Northeast,2008,0.0,0.0,0.0,0.0,48.113153416174,0.0,0.0,0.0,0.0
Meghalaya,Northeast,2009,0.0,0.0,0.0,0.0,51.5004952392024,0.0,0.0,0.0,0.0
Meghalaya,Northeast,2010,0.0,0.0,0.0,0.0,56.9214532589359,0.0,0.0,0.0,0.0
Meghalaya,Northeast,2011,0.0,0.0,0.0,0.0,61.8927332933406,0.0,0.0,0.0,0.0
Meghalaya,Northeast,2012,7.72,0.0,0.0,7.72,66.8035425735272,11.556273369040266,0.0,0.0,11.556273369040266
Meghalaya,Northeast,2013,0.0,0.0,0.0,0.0,70.9363464075585,0.0,0.0,0.0,0.0
Meghalaya,Northeast,2014,1552.37,707.0,71.2,774.17,73.2997730356476,2117.8373898170757,964.532318068935,97.13536215913462,1056.169709589006
Meghalaya,Northeast,2015,0.0,,,,74.9707059453487,0.0,,,
Meghalaya,Northeast,2016,62.53,17.73,15.48,29.32,77.3982386243201,80.78995221520688,22.90749804534812,20.000455146192266,37.88199902366649
Meghalaya,Northeast,2017,0.14,0.0,0.14,0.0,80.4703743512893,0.17397707060344617,0.0,0.17397707060344617,0.0
Meghalaya,Northeast,2018,0.07,0.04,0.03,0.0,83.5960370388638,0.0837360268255982,0.04784915818605612,0.03588686863954209,0.0
Meghalaya,Northeast,2019,3.66,0.0,0.0,3.66,85.6069540558026,4.275353609257306,0.0,0.0,4.275353609257306
Meghalaya,Northeast,2020,,,,,89.7288072623215,,,,
Meghalaya,Northeast,2021,,,,,97.2255663027036,,,,
Meghalaya,Northeast,2022,,,,,100.0,,,,
Meghalaya,Northeast,2023,12.166,0.06,0.036,12.07,103.511128102947,11.753325679051922,0.05796478224092679,0.034778869344556075,11.66058202746644
Odisha,Central_India,1953,0.0,0.0,0.0,0.0,,,,,
Odisha,Central_India,1954,0.0,0.0,0.0,0.0,,,,,
Odisha,Central_India,1955,10.39,7.88,1.76,0.75,,,,,
Odisha,Central_India,1956,2.24,2.15,0.09,0.0,,,,,
Odisha,Central_India,1957,0.0,0.0,0.0,0.0,,,,,
Odisha,Central_India,1958,0.11,0.1,0.01,0.0,,,,,
Odisha,Central_India,1959,3.46,3.24,0.22,0.0,,,,,
Odisha,Central_India,1960,33.71,20.0,10.0,3.71,1.4807409657796,2276.5629356551176,1350.6751323969845,675.3375661984923,250.55023705964064
Odisha,Central_India,1961,0.02,0.0,0.0,0.02,1.51250919184727,1.3223060135967464,0.0,0.0,1.3223060135967464
Odisha,Central_India,1962,0.01,0.01,0.0,0.0,1.57914454981879,0.6332542515596512,0.6332542515596512,0.0,0.0
Odisha,Central_India,1963,1.09,1.0,0.06,0.03,1.71106034615808,63.70318863665011,58.44329232720193,3.5065975396321156,1.7532987698160578
Odisha,Central_India,1964,2.39,2.02,0.0,0.37,1.85738469964291,128.6755511908485,108.75506837050791,0.0,19.92048282034056
Odisha,Central_India,1965,0.02,0.0,0.01,0.01,2.01155449102702,0.994255939335195,0.0,0.4971279696675975,0.4971279696675975
Odisha,Central_India,1966,0.0,0.0,0.0,0.0,2.2785019847826,0.0,0.0,0.0,0.0
Odisha,Central_India,1967,12.25,8.75,1.11,2.39,2.4748223801352,494.98501784725175,353.5607270337513,44.85170365799588,96.57258715550464
Odisha,Central_India,1968,13.91,8.58,0.15,5.18,2.53459883367324,548.8047976350199,338.5151088216011,5.9180963080699485,204.3715925053489
Odisha,Central_India,1969,15.4,11.02,0.53,3.85,2.61933970726728,587.9344308519112,420.71671610312086,20.234107035812528,146.9836077129778
Odisha,Central_India,1970,13.36,12.25,0.21,0.9,2.66026017117103,502.20651892551587,460.4812767093989,7.893964743589696,33.83127747252727
Odisha,Central_India,1971,31.71,19.57,1.3,10.84,2.80191479682417,1131.7260623321486,698.4509315622878,46.39684266893072,386.87828810093
Odisha,Central_India,1972,46.9,30.78,3.36,12.76,3.10563122882567,1510.1599817997148,991.1028622557618,108.19056586027808,410.8665536836751
Odisha,Central_India,1973,51.4,37.98,1.17,12.25,3.65935644592502,1404.618565027682,1037.8874143920498,31.97283504051338,334.75831559511875
Odisha,Central_India,1974,2.91,0.02,0.2,2.69,4.26928025708201,68.16137205264998,0.46846303816254276,4.6846303816254276,63.008278632862
Odisha,Central_India,1975,47.0,23.21,4.52,19.27,4.19889342115158,1119.3425335170778,552.7646851687526,107.64740960632321,458.93043874200185
Odisha,Central_India,1976,0.4,0.05,0.01,0.34,4.45006531955297,8.988632104846989,1.1235790131058736,0.22471580262117472,7.64033728911994
Odisha,Central_India,1977,19.22,7.51,0.58,11.13,4.70092570737406,408.85564240785044,159.75576870358776,12.337995452474154,236.76187825178854
Odisha,Central_India,1978,44.89,11.17,1.18,32.54,4.81658175141862,931.9887488005082,231.9072025863595,24.498701795157043,675.5828444189917
Odisha,Central_India,1979,5.23,0.5,0.09,4.64,5.57413581029161,93.8262033433734,8.970000319634167,1.61460005753415,83.24160296620506
Odisha,Central_India,1980,117.16,40.48,16.35,60.33,6.21562524163142,1884.9270257685116,651.2619153560033,263.0467469385043,970.618363474004
Odisha,Central_India,1981,1.19,0.06,0.0,1.13,6.88862716034943,17.274849869210172,0.8710008337416894,0.0,16.403849035468482
Odisha,Central_India,1982,331.45,0.0,0.0,331.45,7.44632098471959,4451.19140955863,0.0,0.0,4451.19140955863
Odisha,Central_India,1983,11.47,3.26,0.23,7.98,8.08319436421132,141.89934675805773,40.33059027299635,2.8454097431868597,98.72334674187452
Odisha,Central_India,1984,161.59,30.45,2.31,128.83,8.72364467527372,1852.3221201112233,349.05135563702424,26.47975801384322,1476.791006460356
Odisha,Central_India,1985,223.07,60.15,20.69,142.23,9.35120495613869,2385.467980290214,643.2326131459021,221.25490882774255,1520.9804583165694
Odisha,Central_India,1986,107.32,9.44,12.88,85.0,9.98609570765228,1074.6942863541892,94.5314392767755,128.97933664034625,851.1835104370675
Odisha,Central_India,1987,0.0,0.0,0.0,0.0,10.9175880607911,0.0,0.0,0.0,0.0
Odisha,Central_India,1988,35.96,2.1,1.02,32.84,11.8163801753813,304.32331616175014,17.771940042816333,8.632085163653647,277.9192909552802
Odisha,Central_India,1989,0.0,0.0,0.0,0.0,12.8133055864533,0.0,0.0,0.0,0.0
Odisha,Central_India,1990,0.0,0.0,0.0,0.0,14.1802679594129,0.0,0.0,0.0,0.0
Odisha,Central_India,1991,347.54,83.67,12.28,251.59,16.1303127348422,2154.57694908356,518.712819617372,76.1299560762678,1559.73417338992
Odisha,Central_India,1992,235.38,37.1,13.28,185.0,17.5764198477346,1339.1805728305803,211.07825325862237,75.55577367316724,1052.5465458987908
Odisha,Central_India,1993,7.65,0.0,0.0,7.65,19.3097682064243,39.61725442905559,0.0,0.0,39.61725442905559
Odisha,Central_India,1994,0.0,0.0,0.0,0.0,21.2368917187623,0.0,0.0,0.0,0.0
Odisha,Central_India,1995,0.0,0.0,0.0,0.0,23.1615279764214,0.0,0.0,0.0,0.0
Odisha,Central_India,1996,0.0,0.0,0.0,0.0,24.9160179568326,0.0,0.0,0.0,0.0
Odisha,Central_India,1997,336.11,40.23,7.37,288.5,26.5296468670007,1266.9222537525575,151.64167168029925,27.78024161779283,1087.462646775201
Odisha,Central_India,1998,0.0,0.0,0.0,0.0,28.6547160249704,0.0,0.0,0.0,0.0
Odisha,Central_India,1999,327.59,1.48,272.11,53.99,29.5339560481166,1109.1978313582226,5.0111810202087055,921.3462617628317,182.80652924396486
Odisha,Central_India,2000,0.0,0.0,0.0,0.0,30.6104599330265,0.0,0.0,0.0,0.0
Odisha,Central_India,2001,1442.98,66.74,56.36,1319.88,31.594774786071,4567.147605167162,211.23746078868479,178.38392703102,4177.5262173474575
Odisha,Central_India,2002,0.0,0.0,0.0,0.0,32.768736707346,0.0,0.0,0.0,0.0
Odisha,Central_India,2003,1510.66,253.83,63.11,1193.72,34.0361652784497,4438.39659268692,745.7655641386684,185.42041820427593,3507.210610343975
Odisha,Central_India,2004,74.62,7.9,0.53,66.19,35.9848763872227,207.3648918424398,21.953667187821953,1.4728409632336248,183.9383836913842
Odisha,Central_India,2005,243.35,0.0,0.0,243.35,38.0079113271814,640.2614390072206,0.0,0.0,640.2614390072206
Odisha,Central_India,2006,2042.53,0.0,0.0,2042.53,41.2009324749758,4957.484885179652,0.0,0.0,4957.484885179652
Odisha,Central_India,2007,1226.28,,,1226.28,44.062097550747,2783.0722279793295,,,2783.0722279793295
Odisha,Central_India,2008,3158.41,641.25,297.78,2219.38,48.113153416174,6564.545816982868,1332.7956171428864,618.9159904449258,4612.834209395056
Odisha,Central_India,2009,483.02,0.0,0.0,483.02,51.5004952392024,937.8938935568198,0.0,0.0,937.8938935568198
Odisha,Central_India,2010,327.56,0.0,7.56,320.0,56.9214532589359,575.459657556402,0.0,13.281459919179385,562.1781976372226
Odisha,Central_India,2011,2874.41,0.0,0.0,2874.41,61.8927332933406,4644.180095224966,0.0,0.0,4644.180095224966
Odisha,Central_India,2012,284.82,0.16,67.14,217.52,66.8035425735272,426.35463484067986,0.23950825635316617,100.50365207219735,325.6114745121294
Odisha,Central_India,2013,0.22,0.0,0.22,0.0,70.9363464075585,0.31013720207129003,0.0,0.31013720207129003,0.0
Odisha,Central_India,2014,0.0,0.0,0.0,0.0,73.2997730356476,0.0,0.0,0.0,0.0
Odisha,Central_India,2015,0.0,,,,74.9707059453487,0.0,,,
Odisha,Central_India,2016,31.3,,0.05,31.25,77.3982386243201,40.44019677492364,,0.06460095331457451,40.37559582160907
Odisha,Central_India,2017,334.32,0.0,0.0,334.32,80.4703743512893,415.4572446010294,0.0,0.0,415.4572446010294
Odisha,Central_India,2018,299.84,29.02,23.98,246.84,83.5960370388638,358.6772897626766,34.71456426398371,28.685570332540642,295.2771551661523
Odisha,Central_India,2019,454.82,43.25,42.05,369.52,85.6069540558026,531.2886143613135,50.521596612125265,49.119841330401556,431.6471764187867
Odisha,Central_India,2020,1509.33,542.3,108.91,858.12,89.7288072623215,1682.1019314204023,604.3766952285346,121.37685022559414,956.3483859662734
Odisha,Central_India,2021,379.51,136.75,45.46,197.3,97.2255663027036,390.3397166321744,140.65230494440158,46.75724886853745,202.93016281923536
Odisha,Central_India,2022,591.56,104.1,6.49,480.97,100.0,591.56,104.1,6.49,480.97
Odisha,Central_India,2023,,,,,103.511128102947,,,,
Punjab,Indo_Gangetic_Plain,1953,0.03,0.02,0.01,0.0,,,,,
Punjab,Indo_Gangetic_Plain,1954,0.21,0.17,0.04,0.0,,,,,
Punjab,Indo_Gangetic_Plain,1955,31.06,15.98,15.08,0.0,,,,,
Punjab,Indo_Gangetic_Plain,1956,0.98,0.8,0.18,0.0,,,,,
Punjab,Indo_Gangetic_Plain,1957,1.64,1.61,0.03,0.0,,,,,
Punjab,Indo_Gangetic_Plain,1958,20.33,18.1,2.23,0.0,,,,,
Punjab,Indo_Gangetic_Plain,1959,1.79,1.75,0.04,0.0,,,,,
Punjab,Indo_Gangetic_Plain,1960,12.29,9.94,2.35,0.0,1.4807409657796,829.9898688579469,671.2855408013013,158.7043280566457,0.0
Punjab,Indo_Gangetic_Plain,1961,4.78,4.72,0.05,0.01,1.51250919184727,316.0311372496224,312.0642192088321,3.3057650339918663,0.6611530067983732
Punjab,Indo_Gangetic_Plain,1962,31.07,24.32,6.67,0.08,1.57914454981879,1967.520959595836,1540.0743397930717,422.3805857902873,5.06603401247721
Punjab,Indo_Gangetic_Plain,1963,0.61,0.48,0.12,0.01,1.71106034615808,35.650408319593176,28.052780317056925,7.013195079264231,0.5844329232720193
Punjab,Indo_Gangetic_Plain,1964,16.12,15.1,0.52,0.5,1.85738469964291,867.8869812537563,812.9710556409256,27.99635423399214,26.919571378838594
Punjab,Indo_Gangetic_Plain,1965,0.03,0.02,0.0,0.01,2.01155449102702,1.4913839090027923,0.994255939335195,0.0,0.4971279696675975
Punjab,Indo_Gangetic_Plain,1966,9.36,8.27,0.89,0.2,2.2785019847826,410.7962188539884,362.9577702908637,39.06075157906514,8.777696984059583
Punjab,Indo_Gangetic_Plain,1967,2.77,2.67,0.04,0.06,2.4748223801352,111.92722444382754,107.88653042058468,1.6162776092971487,2.424416413945723
Punjab,Indo_Gangetic_Plain,1968,6.32,6.17,0.15,0.0,2.53459883367324,249.34912444668052,243.43102813861057,5.9180963080699485,0.0
Punjab,Indo_Gangetic_Plain,1969,1.09,1.05,0.04,0.0,2.61933970726728,41.61354088497294,40.08643846717577,1.527102417797172,0.0
Punjab,Indo_Gangetic_Plain,1970,0.35,0.31,0.04,0.0,2.66026017117103,13.156607905982826,11.652995573870504,1.5036123321123231,0.0
Punjab,Indo_Gangetic_Plain,1971,5.22,4.62,0.59,0.01,2.80191479682417,186.30116825524487,164.88724086958456,21.057028595899325,0.35689878976100553
Punjab,Indo_Gangetic_Plain,1972,0.59,0.53,0.06,0.0,3.10563122882567,18.997748171894067,17.06577378153196,1.9319743903621085,0.0
Punjab,Indo_Gangetic_Plain,1973,8.06,7.1,0.93,0.03,3.65935644592502,220.25730805687,194.02318699798718,25.41430477579269,0.8198162830900867
Punjab,Indo_Gangetic_Plain,1974,0.04,0.0,0.04,0.0,4.26928025708201,0.9369260763250855,0.0,0.9369260763250855,0.0
Punjab,Indo_Gangetic_Plain,1975,10.06,4.03,5.57,0.46,4.19889342115158,239.58693376982558,95.97766829944305,132.65399812106645,10.955267349316081
Punjab,Indo_Gangetic_Plain,1976,49.58,36.4,9.79,3.39,4.45006531955297,1114.1409493957842,817.9655215410759,219.99677076613003,76.17865708857823
Punjab,Indo_Gangetic_Plain,1977,0.84,0.69,0.06,0.09,4.70092570737406,17.868821000134982,14.677960107253735,1.2763443571524988,1.9145165357287481
Punjab,Indo_Gangetic_Plain,1978,24.97,22.05,2.52,0.4,4.81658175141862,518.417443919552,457.7935377823838,52.31926146084386,8.304644676324422
Punjab,Indo_Gangetic_Plain,1979,0.44,0.44,0.0,0.0,5.57413581029161,7.893600281278067,7.893600281278067,0.0,0.0
Punjab,Indo_Gangetic_Plain,1980,5.09,4.32,0.75,0.02,6.21562524163142,81.89039400103896,69.50225974154978,12.066364538463501,0.3217697210256934
Punjab,Indo_Gangetic_Plain,1981,2.62,1.63,0.88,0.11,6.88862716034943,38.0337030733871,23.662189316649226,12.774678894878111,1.5968348618597639
Punjab,Indo_Gangetic_Plain,1982,0.01,0.0,0.01,0.0,7.44632098471959,0.13429450624705477,0.0,0.13429450624705477,0.0
Punjab,Indo_Gangetic_Plain,1983,8.35,7.35,0.79,0.21,8.08319436421132,103.30074502439251,90.92939831488442,9.773363900511388,2.5979828089966976
Punjab,Indo_Gangetic_Plain,1984,1.14,0.56,0.58,0.0,8.72364467527372,13.067932526312237,6.419335276083205,6.648597250229033,0.0
Punjab,Indo_Gangetic_Plain,1985,237.65,42.12,140.34,55.19,9.35120495613869,2541.38371594553,450.4232363375793,1500.7691592501396,590.191320357811
Punjab,Indo_Gangetic_Plain,1986,71.77,5.95,2.0,63.82,9.98609570765228,718.699300518451,59.582845730594734,20.02784730440159,639.0886074834548
Punjab,Indo_Gangetic_Plain,1987,0.0,0.0,0.0,0.0,10.9175880607911,0.0,0.0,0.0,0.0
Punjab,Indo_Gangetic_Plain,1988,1270.95,519.9,293.43,457.62,11.8163801753813,10755.8319987702,4399.824584885814,2483.247793696951,3872.7596201874335
Punjab,Indo_Gangetic_Plain,1989,0.0,0.0,0.0,0.0,12.8133055864533,0.0,0.0,0.0,0.0
Punjab,Indo_Gangetic_Plain,1990,40.32,4.43,1.25,34.64,14.1802679594129,284.3387735366134,31.240594413868983,8.815066143868224,244.28311297887623
Punjab,Indo_Gangetic_Plain,1991,0.0,0.0,0.0,0.0,16.1303127348422,0.0,0.0,0.0,0.0
Punjab,Indo_Gangetic_Plain,1992,0.0,0.0,0.0,0.0,17.5764198477346,0.0,0.0,0.0,0.0
Punjab,Indo_Gangetic_Plain,1993,825.21,348.21,0.0,477.0,19.3097682064243,4273.536539529538,1803.2842045413656,0.0,2470.252334988172
Punjab,Indo_Gangetic_Plain,1994,0.0,0.0,0.0,0.0,21.2368917187623,0.0,0.0,0.0,0.0
Punjab,Indo_Gangetic_Plain,1995,479.85,182.54,109.84,187.47,23.1615279764214,2071.7545081157455,788.1172614597232,474.2346882805741,809.4025583754482
Punjab,Indo_Gangetic_Plain,1996,0.0,0.0,0.0,0.0,24.9160179568326,0.0,0.0,0.0,0.0
Punjab,Indo_Gangetic_Plain,1997,0.0,0.0,0.0,0.0,26.5296468670007,0.0,0.0,0.0,0.0
Punjab,Indo_Gangetic_Plain,1998,9.45,9.26,0.16,0.03,28.6547160249704,32.97886460213057,32.315797483145936,0.5583723107239039,0.10469480826073198
Punjab,Indo_Gangetic_Plain,1999,2.61,2.49,0.12,0.0,29.5339560481166,8.837285447800486,8.43097347318897,0.40631197461151664,0.0
Punjab,Indo_Gangetic_Plain,2000,10.24,10.07,0.15,0.03,30.6104599330265,33.452617250457486,32.89725153438544,0.4900285730047483,0.09800571460094966
Punjab,Indo_Gangetic_Plain,2001,5.79,5.72,0.06,0.0,31.594774786071,18.325815072917067,18.104259450273855,0.18990481940846698,0.0
Punjab,Indo_Gangetic_Plain,2002,3.01,2.97,0.05,0.0,32.768736707346,9.185584500501133,9.063516932388163,0.15258446014121485,0.0
Punjab,Indo_Gangetic_Plain,2003,0.0,0.0,0.0,0.0,34.0361652784497,0.0,0.0,0.0,0.0
Punjab,Indo_Gangetic_Plain,2004,0.0,0.0,0.0,0.0,35.9848763872227,0.0,0.0,0.0,0.0
Punjab,Indo_Gangetic_Plain,2005,0.0,0.0,0.0,0.0,38.0079113271814,0.0,0.0,0.0,0.0
Punjab,Indo_Gangetic_Plain,2006,0.0,0.0,0.0,0.0,41.2009324749758,0.0,0.0,0.0,0.0
Punjab,Indo_Gangetic_Plain,2007,0.0,0.0,0.0,0.0,44.062097550747,0.0,0.0,0.0,0.0
Punjab,Indo_Gangetic_Plain,2008,0.0,0.0,0.0,0.0,48.113153416174,0.0,0.0,0.0,0.0
Punjab,Indo_Gangetic_Plain,2009,0.0,0.0,0.0,0.0,51.5004952392024,0.0,0.0,0.0,0.0
Punjab,Indo_Gangetic_Plain,2010,268.48,132.02,3.13,133.32,56.9214532589359,471.6675078176299,231.9336426627067,5.498805495639084,234.2174915906079
Punjab,Indo_Gangetic_Plain,2011,97.22,59.56,6.47,31.19,61.8927332933406,157.0782139144281,96.23100617921557,10.45356967729222,50.393638057920306
Punjab,Indo_Gangetic_Plain,2012,0.13,0.0,0.13,0.0,66.8035425735272,0.1946004582869475,0.0,0.1946004582869475,0.0
Punjab,Indo_Gangetic_Plain,2013,331.97,136.46,26.51,169.0,70.9363464075585,467.98294078002795,192.36964815749198,37.37153284959045,238.2417597729455
Punjab,Indo_Gangetic_Plain,2014,120.3,49.71,21.59,49.0,73.2997730356476,164.12056274921198,67.81739961981154,29.454388609771296,66.84877451962916
Punjab,Indo_Gangetic_Plain,2015,164.54,63.86,2.68,98.0,74.9707059453487,219.4723898157562,85.17993687634734,3.5747295776481502,130.7177233617607
Punjab,Indo_Gangetic_Plain,2016,1.66,1.14,0.03,0.5,77.3982386243201,2.1447516500438732,1.4729017355722986,0.038760571988744705,0.646009533145745
Punjab,Indo_Gangetic_Plain,2017,18.64,18.23,0.41,0.0,80.4703743512893,23.163804257487403,22.654299979291594,0.5095042781958066,0.0
Punjab,Indo_Gangetic_Plain,2018,124.52,120.41,4.11,,83.5960370388638,148.95442943319267,144.03792842957543,4.916501003617266,
Punjab,Indo_Gangetic_Plain,2019,,,,,85.6069540558026,,,,
Punjab,Indo_Gangetic_Plain,2020,0.0,,,,89.7288072623215,0.0,,,
Punjab,Indo_Gangetic_Plain,2021,46.61,44.45,2.16,0.0,97.2255663027036,47.940065326936434,45.718427457247905,2.221637869688537,0.0
Punjab,Indo_Gangetic_Plain,2022,,,,,100.0,,,,
Punjab,Indo_Gangetic_Plain,2023,,,,,103.511128102947,,,,
Tripura,Northeast,1953,0.0,0.0,0.0,0.0,,,,,
Tripura,Northeast,1954,0.04,0.03,0.0,0.01,,,,,
Tripura,Northeast,1955,0.07,0.06,0.0,0.01,,,,,
Tripura,Northeast,1956,0.16,0.13,0.03,0.0,,,,,
Tripura,Northeast,1957,0.0,0.0,0.0,0.0,,,,,
Tripura,Northeast,1958,0.48,0.18,0.0,0.3,,,,,
Tripura,Northeast,1959,0.01,0.0,0.0,0.01,,,,,
Tripura,Northeast,1960,0.0,0.0,0.0,0.0,1.4807409657796,0.0,0.0,0.0,0.0
Tripura,Northeast,1961,0.0,0.0,0.0,0.0,1.51250919184727,0.0,0.0,0.0,0.0
Tripura,Northeast,1962,0.02,0.02,0.0,0.0,1.57914454981879,1.2665085031193024,1.2665085031193024,0.0,0.0
Tripura,Northeast,1963,0.46,0.32,0.05,0.09,1.71106034615808,26.883914470512888,18.70185354470462,2.9221646163600967,5.259896309448173
Tripura,Northeast,1964,0.12,0.05,0.01,0.06,1.85738469964291,6.460697130921262,2.6919571378838594,0.5383914275767719,3.230348565460631
Tripura,Northeast,1965,0.06,0.05,0.01,0.0,2.01155449102702,2.9827678180055845,2.4856398483379873,0.4971279696675975,0.0
Tripura,Northeast,1966,0.56,0.52,0.03,0.01,2.2785019847826,24.577551555366835,22.822012158554916,1.3166545476089373,0.43888484920297915
Tripura,Northeast,1967,0.01,0.01,0.0,0.0,2.4748223801352,0.4040694023242872,0.4040694023242872,0.0,0.0
Tripura,Northeast,1968,1.3,0.97,0.21,0.12,2.53459883367324,51.29016800327289,38.270356125519,8.285334831297929,4.734477046455959
Tripura,Northeast,1969,0.45,0.33,0.02,0.11,2.61933970726728,17.179902200218184,12.598594946826669,0.763551208898586,4.199531648942223
Tripura,Northeast,1970,0.02,0.01,0.0,0.01,2.66026017117103,0.7518061660561616,0.3759030830280808,0.0,0.3759030830280808
Tripura,Northeast,1971,0.02,0.02,0.0,0.0,2.80191479682417,0.7137975795220111,0.7137975795220111,0.0,0.0
Tripura,Northeast,1972,0.0,0.0,0.0,0.0,3.10563122882567,0.0,0.0,0.0,0.0
Tripura,Northeast,1973,12.1,11.59,0.31,0.2,3.65935644592502,330.6592341796683,316.72235736713685,8.47143492526423,5.465441887267246
Tripura,Northeast,1974,0.0,0.0,0.0,0.0,4.26928025708201,0.0,0.0,0.0,0.0
Tripura,Northeast,1975,0.47,0.45,0.0,0.02,4.19889342115158,11.193425335170778,10.717109363461383,0.0,0.47631597170939477
Tripura,Northeast,1976,5.76,3.01,0.22,2.54,4.45006531955297,129.43630230979662,67.63945658897359,4.943747657665844,57.077813865778374
Tripura,Northeast,1977,1.03,0.92,0.09,0.02,4.70092570737406,21.910578131117898,19.570613476338316,1.9145165357287481,0.42544811905083296
Tripura,Northeast,1978,1.08,0.61,0.06,0.41,4.81658175141862,22.42254062607594,12.664583131394743,1.2456967014486633,8.512260793232532
Tripura,Northeast,1979,0.0,0.0,0.0,0.0,5.57413581029161,0.0,0.0,0.0,0.0
Tripura,Northeast,1980,0.0,0.0,0.0,0.0,6.21562524163142,0.0,0.0,0.0,0.0
Tripura,Northeast,1981,0.0,0.0,0.0,0.0,6.88862716034943,0.0,0.0,0.0,0.0
Tripura,Northeast,1982,3.62,3.22,0.0,0.4,7.44632098471959,48.61461126143382,43.24283101155164,0.0,5.371780249882191
Tripura,Northeast,1983,20.46,15.43,0.0,5.03,8.08319436421132,253.11775367653544,190.88987972770974,0.0,62.227873948825675
Tripura,Northeast,1984,15.22,7.52,0.85,6.85,8.72364467527372,174.46836232497566,86.2025022788316,9.74363390119772,78.52222614494633
Tripura,Northeast,1985,6.22,2.43,1.68,2.11,9.35120495613869,66.51549216571091,25.985955942552653,17.96559917015986,22.563937052998394
Tripura,Northeast,1986,0.5,0.44,0.05,0.0,9.98609570765228,5.006961826100397,4.40612640696835,0.5006961826100398,0.0
Tripura,Northeast,1987,0.0,0.0,0.0,0.0,10.9175880607911,0.0,0.0,0.0,0.0
Tripura,Northeast,1988,9.63,4.21,1.1,4.32,11.8163801753813,81.49703933920061,35.628508371550836,9.309111450999032,36.55941951665074
Tripura,Northeast,1989,0.0,0.0,0.0,0.0,12.8133055864533,0.0,0.0,0.0,0.0
Tripura,Northeast,1990,0.0,0.0,0.0,0.0,14.1802679594129,0.0,0.0,0.0,0.0
Tripura,Northeast,1991,0.0,0.0,0.0,0.0,16.1303127348422,0.0,0.0,0.0,0.0
Tripura,Northeast,1992,3.7,0.0,2.93,0.77,17.5764198477346,21.050930917975816,0.0,16.67006151072139,4.380869407254426
Tripura,Northeast,1993,80.05,41.34,13.1,25.61,19.3097682064243,414.55702183606536,214.08853569897494,67.84131150596447,132.62717463112597
Tripura,Northeast,1994,0.0,0.0,0.0,0.0,21.2368917187623,0.0,0.0,0.0,0.0
Tripura,Northeast,1995,0.0,0.0,0.0,0.0,23.1615279764214,0.0,0.0,0.0,0.0
Tripura,Northeast,1996,0.0,0.0,0.0,0.0,24.9160179568326,0.0,0.0,0.0,0.0
Tripura,Northeast,1997,0.0,0.0,0.0,0.0,26.5296468670007,0.0,0.0,0.0,0.0
Tripura,Northeast,1998,31.78,7.82,1.7,22.26,28.6547160249704,110.90670021753542,27.290446686630805,5.932705801441479,77.68354772946313
Tripura,Northeast,1999,32.42,10.51,0.13,21.78,29.5339560481166,109.77195180754475,35.586157109725335,0.44017130582914304,73.74562339199028
Tripura,Northeast,2000,0.0,0.0,0.0,0.0,30.6104599330265,0.0,0.0,0.0,0.0
Tripura,Northeast,2001,28.52,9.19,8.0,11.32,31.594774786071,90.26809082549131,29.087088172730194,25.3206425877956,35.82870926173077
Tripura,Northeast,2002,14.97,4.7,7.34,2.94,32.768736707346,45.68378736627973,14.342939253274196,22.399398748730338,8.971966256303434
Tripura,Northeast,2003,4.29,1.56,0.04,2.69,34.0361652784497,12.604240121951257,4.583360044345912,0.11752205241912593,7.903358025186218
Tripura,Northeast,2004,9.52,4.78,2.13,2.62,35.9848763872227,26.45555843393228,13.283358121239107,5.919153305070982,7.280836459758674
Tripura,Northeast,2005,5.62,3.6,0.13,1.89,38.0079113271814,14.786395262874787,9.471712268033672,0.3420340541234382,4.9726489407176775
Tripura,Northeast,2006,4.26,1.71,0.17,2.39,41.2009324749758,10.339571810874414,4.150391501548181,0.41261202062174895,5.8008395840351765
Tripura,Northeast,2007,5.87,4.96,0.89,0.02,44.062097550747,13.322107494404756,11.256840404130765,2.019876604773464,0.04539048550052728
Tripura,Northeast,2008,3.41,3.18,0.21,0.02,48.113153416174,7.087458954319287,6.609419200802151,0.4364710792982552,0.04156867421888145
Tripura,Northeast,2009,4.38,1.01,0.32,3.05,51.5004952392024,8.504772584528324,1.9611461895830151,0.6213532481847177,5.92227314676059
Tripura,Northeast,2010,4.95,3.88,0.99,0.08,56.9214532589359,8.696193994700788,6.816410646351325,1.7392387989401576,0.14054454940930566
Tripura,Northeast,2011,7.5,5.85,0.6,1.05,61.8927332933406,12.117739193151724,9.451836570658346,0.969419135452138,1.6964834870412415
Tripura,Northeast,2012,0.0,0.0,0.0,0.0,66.8035425735272,0.0,0.0,0.0,0.0
Tripura,Northeast,2013,4.22,2.16,1.85,0.2,70.9363464075585,5.94899542154929,3.0449834385181203,2.6079719265085752,0.2819429109739
Tripura,Northeast,2014,4.96,1.45,2.97,0.54,73.2997730356476,6.766733094231849,1.9781780214992302,4.051854292312217,0.736700780420403
Tripura,Northeast,2015,310.76,247.91,20.74,42.12,74.9707059453487,414.5085684887832,330.67582447565405,27.664138597172624,56.18194395915674
Tripura,Northeast,2016,89.36,89.12,0.24,,77.3982386243201,115.45482376380755,115.1447391878976,0.31008457590995764,
Tripura,Northeast,2017,132.82,14.39,20.55,97.89,80.4703743512893,165.05453226821226,17.88235747131136,25.53734857786299,121.64725315265245
Tripura,Northeast,2018,946.18,24.28,115.94,805.95,83.5960370388638,1131.8479123120644,29.044439018936064,138.69078500228366,964.1007260012982
Tripura,Northeast,2019,437.65,2.61,81.71,353.33,85.6069540558026,511.23183253865017,3.048817737749062,95.44785339137006,412.7351614095311
Tripura,Northeast,2020,137.92,137.72,0.2,0.0,89.7288072623215,153.70760428899038,153.48471043126276,0.2228938577276543,0.0
Tripura,Northeast,2021,38.12,37.36,0.65,0.11,97.2255663027036,39.20779425579955,38.42610685720543,0.6685484330081246,0.1131389655859903
Tripura,Northeast,2022,,,,,100.0,,,,
Tripura,Northeast,2023,,,,,103.511128102947,,,,
Uttar Pradesh,Indo_Gangetic_Plain,1953,12.93,10.82,1.11,1.0,,,,,
Uttar Pradesh,Indo_Gangetic_Plain,1954,8.51,6.82,0.19,1.5,,,,,
Uttar Pradesh,Indo_Gangetic_Plain,1955,29.8,26.38,2.82,0.6,,,,,
Uttar Pradesh,Indo_Gangetic_Plain,1956,28.58,21.48,6.6,0.5,,,,,
Uttar Pradesh,Indo_Gangetic_Plain,1957,15.29,10.67,4.62,0.0,,,,,
Uttar Pradesh,Indo_Gangetic_Plain,1958,0.0,0.0,0.0,0.0,,,,,
Uttar Pradesh,Indo_Gangetic_Plain,1959,0.01,0.0,0.0,0.01,,,,,
Uttar Pradesh,Indo_Gangetic_Plain,1960,0.0,0.0,0.0,0.0,1.4807409657796,0.0,0.0,0.0,0.0
Uttar Pradesh,Indo_Gangetic_Plain,1961,0.3,0.0,0.03,0.27,1.51250919184727,19.834590203951194,0.0,1.9834590203951195,17.851131183556078
Uttar Pradesh,Indo_Gangetic_Plain,1962,20.63,19.35,1.17,0.1,1.57914454981879,1306.4035209675603,1225.346976767925,74.09074743247918,6.332542515596511
Uttar Pradesh,Indo_Gangetic_Plain,1963,21.5,18.31,2.74,0.46,1.71106034615808,1256.5307850348415,1070.0966825110672,160.1346209765333,26.883914470512888
Uttar Pradesh,Indo_Gangetic_Plain,1964,11.53,11.21,0.32,0.0,1.85738469964291,620.765315996018,603.5367903135614,17.228525682456702,0.0
Uttar Pradesh,Indo_Gangetic_Plain,1965,0.13,0.11,0.01,0.01,2.01155449102702,6.462663605678768,5.468407666343572,0.4971279696675975,0.4971279696675975
Uttar Pradesh,Indo_Gangetic_Plain,1966,7.62,6.91,0.71,0.0,2.2785019847826,334.4302550926701,303.2694307992586,31.160824293411515,0.0
Uttar Pradesh,Indo_Gangetic_Plain,1967,61.61,55.55,5.0,1.05,2.4748223801352,2489.4715877199333,2244.605529911415,202.0347011621436,42.427287244050156
Uttar Pradesh,Indo_Gangetic_Plain,1968,8.83,8.31,0.39,0.13,2.53459883367324,348.3786026683843,327.8625354670752,15.387050400981867,5.129016800327289
Uttar Pradesh,Indo_Gangetic_Plain,1969,38.45,34.6,2.77,1.09,2.61933970726728,1467.9271991075316,1320.9435913945538,105.75184243245415,41.61354088497294
Uttar Pradesh,Indo_Gangetic_Plain,1970,69.08,43.0,20.8,5.28,2.66026017117103,2596.7384975579816,1616.3832570207474,781.878412698408,198.47682783882664
Uttar Pradesh,Indo_Gangetic_Plain,1971,174.48,108.12,20.26,46.1,2.80191479682417,6227.170083750024,3858.789714895992,723.0769480557973,1645.3034207982355
Uttar Pradesh,Indo_Gangetic_Plain,1972,3.85,2.84,1.01,0.0,3.10563122882567,123.96835671490197,91.44678781047314,32.52156890442883,0.0
Uttar Pradesh,Indo_Gangetic_Plain,1973,81.71,67.45,10.77,3.49,3.65935644592502,2232.906283043033,1843.2202764808785,294.31404562934114,95.37196093281344
Uttar Pradesh,Indo_Gangetic_Plain,1974,105.3,57.52,12.79,35.0,4.26928025708201,2466.457895925788,1347.299697755473,299.5821129049461,819.8103167844498
Uttar Pradesh,Indo_Gangetic_Plain,1975,38.77,30.78,2.91,5.08,4.19889342115158,923.3385111586618,733.0502804607586,69.30397388371695,120.98425681418628
Uttar Pradesh,Indo_Gangetic_Plain,1976,247.18,186.0,22.5,38.68,4.45006531955297,5554.525209190197,4179.713928753849,505.61055589764305,869.2007245387038
Uttar Pradesh,Indo_Gangetic_Plain,1977,96.6,75.0,5.0,16.6,4.70092570737406,2054.914415015523,1595.4304464406234,106.36202976270823,353.1219388121914
Uttar Pradesh,Indo_Gangetic_Plain,1978,561.36,382.0,90.0,89.36,4.81658175141862,11654.738338753694,7930.935665889823,1868.545052172995,1855.257620690876
Uttar Pradesh,Indo_Gangetic_Plain,1979,53.49,51.77,1.72,0.0,5.57413581029161,959.6106341944632,928.7538330949217,30.856801099541535,0.0
Uttar Pradesh,Indo_Gangetic_Plain,1980,366.19,190.12,100.12,75.95,6.21562524163142,5891.4427071199325,3058.742968070241,1610.7792234546212,1221.9205155950706
Uttar Pradesh,Indo_Gangetic_Plain,1981,604.98,365.0,122.78,117.2,6.88862716034943,8782.301406617455,5298.588405261944,1782.3580394467438,1701.3549619087667
Uttar Pradesh,Indo_Gangetic_Plain,1982,762.83,330.87,254.55,177.41,7.44632098471959,10244.38782004408,4443.402328196301,3418.466656518779,2382.5188353289986
Uttar Pradesh,Indo_Gangetic_Plain,1983,1009.33,624.69,129.13,255.51,8.08319436421132,12486.771374307797,7728.256575962607,1597.512000598779,3161.0027977464106
Uttar Pradesh,Indo_Gangetic_Plain,1984,464.06,260.37,21.49,182.2,8.72364467527372,5319.565586105664,2984.6470104174714,246.34199121969294,2088.5765844684997
Uttar Pradesh,Indo_Gangetic_Plain,1985,2400.94,967.53,248.08,1185.33,9.35120495613869,25675.193852145007,10346.5810506576,2652.9201441269392,12675.692657360467
Uttar Pradesh,Indo_Gangetic_Plain,1986,470.21,258.0,20.56,191.65,9.98609570765228,4708.647040501335,2583.5923022678053,205.88627028924833,1919.1684679442824
Uttar Pradesh,Indo_Gangetic_Plain,1987,288.25,128.33,38.94,120.98,10.9175880607911,2640.235172777833,1175.442774406173,356.67218604672615,1108.120212324934
Uttar Pradesh,Indo_Gangetic_Plain,1988,834.18,685.76,148.42,0.0,11.8163801753813,7059.522354722156,5803.469335124632,1256.0530195975236,0.0
Uttar Pradesh,Indo_Gangetic_Plain,1989,0.0,0.0,0.0,0.0,12.8133055864533,0.0,0.0,0.0,0.0
Uttar Pradesh,Indo_Gangetic_Plain,1990,566.27,481.76,60.52,23.99,14.1802679594129,3993.3660042306074,3397.3970123759646,426.79024242152394,169.17874943311895
Uttar Pradesh,Indo_Gangetic_Plain,1991,147.75,116.4,31.35,0.0,16.1303127348422,915.9772809664959,721.6227106903561,194.35457027613973,0.0
Uttar Pradesh,Indo_Gangetic_Plain,1992,535.59,181.28,55.58,298.73,17.5764198477346,3047.207591988829,1031.381826165042,316.21911903272854,1699.6066467910582
Uttar Pradesh,Indo_Gangetic_Plain,1993,697.91,368.06,118.63,211.22,19.3097682064243,3614.284710925776,1906.081917014144,614.3522735841653,1093.850520327467
Uttar Pradesh,Indo_Gangetic_Plain,1994,643.72,295.2,37.12,311.4,21.2368917187623,3031.1403783788583,1390.0339273246736,174.79017405925435,1466.3162769949301
Uttar Pradesh,Indo_Gangetic_Plain,1995,0.0,0.0,0.0,0.0,23.1615279764214,0.0,0.0,0.0,0.0
Uttar Pradesh,Indo_Gangetic_Plain,1996,748.0,678.0,70.0,0.0,24.9160179568326,3002.0848487744793,2721.14107950414,280.943769270339,0.0
Uttar Pradesh,Indo_Gangetic_Plain,1997,0.0,0.0,0.0,0.0,26.5296468670007,0.0,0.0,0.0,0.0
Uttar Pradesh,Indo_Gangetic_Plain,1998,624.77,224.52,59.35,340.9,28.6547160249704,2180.339178568584,783.5359450233182,207.1212290091481,1189.6820045361176
Uttar Pradesh,Indo_Gangetic_Plain,1999,13.28,10.28,3.01,0.0,29.5339560481166,44.96519185700784,34.807392491719924,10.191658696505542,0.0
Uttar Pradesh,Indo_Gangetic_Plain,2000,31.17,17.39,13.54,0.24,30.6104599330265,101.8279374703867,56.81064589701715,44.23324585656194,0.7840457168075973
Uttar Pradesh,Indo_Gangetic_Plain,2001,3315.43,44.75,17.85,3252.83,31.594774786071,10493.602256856895,141.63734447548163,56.49668377401894,10295.468228607395
Uttar Pradesh,Indo_Gangetic_Plain,2002,3.8,2.58,1.2,0.01,32.768736707346,11.596418970732328,7.873358143286686,3.6620270433891564,0.03051689202824297
Uttar Pradesh,Indo_Gangetic_Plain,2003,675.88,448.57,99.86,127.44,34.0361652784497,1985.7701197259707,1317.921676341183,293.3938038643479,374.4252590073352
Uttar Pradesh,Indo_Gangetic_Plain,2004,0.0,0.0,0.0,0.0,35.9848763872227,0.0,0.0,0.0,0.0
Uttar Pradesh,Indo_Gangetic_Plain,2005,3.77,0.0,1.33,2.44,38.0079113271814,9.918987569579707,0.0,3.499271476801329,6.419716092778377
Uttar Pradesh,Indo_Gangetic_Plain,2006,0.0,0.0,0.0,0.0,41.2009324749758,0.0,0.0,0.0,0.0
Uttar Pradesh,Indo_Gangetic_Plain,2007,0.0,0.0,0.0,0.0,44.062097550747,0.0,0.0,0.0,0.0
Uttar Pradesh,Indo_Gangetic_Plain,2008,724.56,189.02,213.05,322.49,48.113153416174,1505.949929601637,392.8655400426486,442.81030211663466,670.2740874423539
Uttar Pradesh,Indo_Gangetic_Plain,2009,110.1,42.1,4.28,63.72,51.5004952392024,213.78435195355442,81.74678671430192,8.3105996944706,123.7269655447819
Uttar Pradesh,Indo_Gangetic_Plain,2010,0.0,0.0,0.0,0.0,56.9214532589359,0.0,0.0,0.0,0.0
Uttar Pradesh,Indo_Gangetic_Plain,2011,1438.44,199.94,79.37,1159.13,61.8927332933406,2324.0854353329555,323.0427699038341,128.237994634727,1872.8046707943947
Uttar Pradesh,Indo_Gangetic_Plain,2012,117.88,6.98,11.2,99.7,66.8035425735272,176.45770786819514,10.448547683406874,16.76557794472163,149.24358224006667
Uttar Pradesh,Indo_Gangetic_Plain,2013,0.0,0.0,0.0,0.0,70.9363464075585,0.0,0.0,0.0,0.0
Uttar Pradesh,Indo_Gangetic_Plain,2014,0.0,0.0,0.0,0.0,73.2997730356476,0.0,0.0,0.0,0.0
Uttar Pradesh,Indo_Gangetic_Plain,2015,0.0,,,,74.9707059453487,0.0,,,
Uttar Pradesh,Indo_Gangetic_Plain,2016,123.78,123.78,,,77.3982386243201,159.92612002556064,159.92612002556064,,
Uttar Pradesh,Indo_Gangetic_Plain,2017,308.05,308.05,0.0,0.0,80.4703743512893,382.8116899956542,382.8116899956542,0.0,0.0
Uttar Pradesh,Indo_Gangetic_Plain,2018,547.42,230.36,13.72,303.34,83.5960370388638,654.8396543552709,275.5633019934972,16.41226125781725,362.8640911039565
Uttar Pradesh,Indo_Gangetic_Plain,2019,809.63,625.12,20.3,164.21,85.6069540558026,945.7526072849706,730.2210514259364,23.713026849159373,191.8185290098749
Uttar Pradesh,Indo_Gangetic_Plain,2020,602.96,176.38,5.27,421.31,89.7288072623215,671.9804022773321,196.5700931300183,5.87325315112369,469.53705599619013
Uttar Pradesh,Indo_Gangetic_Plain,2021,825.26,443.08,25.48,356.7,97.2255663027036,848.8096612681305,455.7237533803689,26.207098573918483,366.8788093138431
Uttar Pradesh,Indo_Gangetic_Plain,2022,465.84,454.98,10.86,,100.0,465.84,454.98,10.86,
Uttar Pradesh,Indo_Gangetic_Plain,2023,18.67,,1.67,17.0,103.511128102947,18.036708073968388,,1.6133531057057957,16.42335496826259
West Bengal,Indo_Gangetic_Plain,1953,0.16,0.05,0.01,0.1,,,,,
West Bengal,Indo_Gangetic_Plain,1954,10.6,7.6,1.0,2.0,,,,,
West Bengal,Indo_Gangetic_Plain,1955,1.5,0.5,0.0,1.0,,,,,
West Bengal,Indo_Gangetic_Plain,1956,7.75,7.42,0.0,0.33,,,,,
West Bengal,Indo_Gangetic_Plain,1957,0.01,0.01,0.0,0.0,,,,,
West Bengal,Indo_Gangetic_Plain,1958,5.85,5.55,0.3,0.0,,,,,
West Bengal,Indo_Gangetic_Plain,1959,51.22,44.0,7.22,0.0,,,,,
West Bengal,Indo_Gangetic_Plain,1960,0.0,0.0,0.0,0.0,1.4807409657796,0.0,0.0,0.0,0.0
West Bengal,Indo_Gangetic_Plain,1961,0.0,0.0,0.0,0.0,1.51250919184727,0.0,0.0,0.0,0.0
West Bengal,Indo_Gangetic_Plain,1962,6.27,6.17,0.02,0.08,1.57914454981879,397.0504157279012,390.71787321230477,1.2665085031193024,5.06603401247721
West Bengal,Indo_Gangetic_Plain,1963,0.16,0.15,0.01,0.0,1.71106034615808,9.35092677235231,8.76649384908029,0.5844329232720193,0.0
West Bengal,Indo_Gangetic_Plain,1964,1.29,0.73,0.12,0.44,1.85738469964291,69.45249415740358,39.30257421310434,6.460697130921262,23.689222813377963
West Bengal,Indo_Gangetic_Plain,1965,2.91,2.85,0.04,0.02,2.01155449102702,144.66423917327086,141.68147135526527,1.98851187867039,0.994255939335195
West Bengal,Indo_Gangetic_Plain,1966,1.76,1.59,0.15,0.02,2.2785019847826,77.24373345972433,69.78269102327369,6.583272738044687,0.8777696984059583
West Bengal,Indo_Gangetic_Plain,1967,23.89,19.62,2.39,1.88,2.4748223801352,965.3218021527221,792.7841673602514,96.57258715550464,75.96504763696598
West Bengal,Indo_Gangetic_Plain,1968,86.07,53.56,25.94,6.57,2.53459883367324,3395.8036615705364,2113.1549217348434,1023.4361215422299,259.2126182934638
West Bengal,Indo_Gangetic_Plain,1969,84.39,78.02,3.49,2.88,2.61933970726728,3221.8043259475835,2978.6132659133837,133.23968595280326,109.95137408139638
West Bengal,Indo_Gangetic_Plain,1970,86.99,60.89,11.25,14.85,2.66026017117103,3269.9809192612743,2288.8738725579838,422.89096840659084,558.2160782967
West Bengal,Indo_Gangetic_Plain,1971,159.0,123.93,21.26,13.81,2.80191479682417,5674.690757199987,4423.046701508141,758.7668270318978,492.8772286599486
West Bengal,Indo_Gangetic_Plain,1972,15.07,10.09,1.92,3.06,3.10563122882567,485.2475677126163,324.89369331256125,61.82318049158747,98.53069390846754
West Bengal,Indo_Gangetic_Plain,1973,44.25,34.93,3.34,5.98,3.65935644592502,1209.229017557878,954.5394256112244,91.272879517363,163.41671242929064
West Bengal,Indo_Gangetic_Plain,1974,26.82,26.26,0.15,0.41,4.26928025708201,628.2089341759698,615.0919691074187,3.513472786219071,9.603492282332127
West Bengal,Indo_Gangetic_Plain,1975,4.51,3.94,0.33,0.24,4.19889342115158,107.40925162046852,93.83424642675077,7.859213533205014,5.715791660512737
West Bengal,Indo_Gangetic_Plain,1976,21.01,16.9,2.6,1.51,4.45006531955297,472.1279013070881,379.76970642978523,58.426108681505426,33.93208619579738
West Bengal,Indo_Gangetic_Plain,1977,39.83,39.47,0.0,0.36,4.70092570737406,847.2799290897337,839.6218629468187,0.0,7.6580661429149925
West Bengal,Indo_Gangetic_Plain,1978,268.56,207.35,0.09,61.12,4.81658175141862,5575.738435684217,4304.920184089672,1.868545052172995,1268.9497065423716
West Bengal,Indo_Gangetic_Plain,1979,0.01,0.0,0.0,0.01,5.57413581029161,0.17940000639268333,0.0,0.0,0.17940000639268333
West Bengal,Indo_Gangetic_Plain,1980,78.02,33.38,26.27,18.37,6.21562524163142,1255.2236817212297,537.0336643918823,422.64452856724824,295.54548876209935
West Bengal,Indo_Gangetic_Plain,1981,67.13,28.75,20.78,17.6,6.88862716034943,974.5047661513267,417.3545661678928,301.6566220858718,255.49357789756223
West Bengal,Indo_Gangetic_Plain,1982,6.77,4.66,1.8,0.31,7.44632098471959,90.91738072925607,62.58123991112752,24.173011124469856,4.163129693658697
West Bengal,Indo_Gangetic_Plain,1983,14.43,9.56,3.93,0.94,8.08319436421132,178.51853301820165,118.2700745428973,48.61939256836678,11.6290659069376
West Bengal,Indo_Gangetic_Plain,1984,298.49,124.67,33.78,140.04,8.72364467527372,3421.620333139421,1429.1045158380234,387.22347433230476,1605.2923429690927
West Bengal,Indo_Gangetic_Plain,1985,6.13,2.85,2.71,0.57,9.35120495613869,65.55304935302377,30.47735573509262,28.98022247091263,6.095471147018523
West Bengal,Indo_Gangetic_Plain,1986,360.93,139.5,21.43,200.0,9.98609570765228,3614.325463788833,1396.942349482011,214.59838386666303,2002.784730440159
West Bengal,Indo_Gangetic_Plain,1987,491.17,244.22,122.22,124.73,10.9175880607911,4498.88745815538,2236.940967548317,1119.478032322313,1142.4684582847499
West Bengal,Indo_Gangetic_Plain,1988,108.13,62.98,43.67,1.48,11.8163801753813,915.0856556332047,532.9889447126536,369.57172460466154,12.524986315889604
West Bengal,Indo_Gangetic_Plain,1989,7.08,1.24,0.26,5.58,12.8133055864533,55.255062421091694,9.677440311038659,2.0291407103790737,43.54848139967396
West Bengal,Indo_Gangetic_Plain,1990,83.79,14.27,54.08,15.45,14.1802679594129,590.8915137557749,100.63279509839964,381.3750216483148,108.95421753821125
West Bengal,Indo_Gangetic_Plain,1991,176.24,100.35,10.94,64.95,16.1303127348422,1092.6012588665667,622.1206101183611,67.82261559237539,402.6580331558302
West Bengal,Indo_Gangetic_Plain,1992,13.01,2.28,3.83,6.9,17.5764198477346,74.01962466023387,12.971924998104013,21.79055822049929,39.25714144163057
West Bengal,Indo_Gangetic_Plain,1993,661.03,54.77,245.27,361.0,19.3097682064243,3423.293293495244,283.6388268077614,1270.186142982283,1869.5201109658913
West Bengal,Indo_Gangetic_Plain,1994,0.0,0.0,0.0,0.0,21.2368917187623,0.0,0.0,0.0,0.0
West Bengal,Indo_Gangetic_Plain,1995,1647.79,705.66,912.87,29.26,23.1615279764214,7114.340650053234,3046.690186927075,3941.320283054331,126.33018007182811
West Bengal,Indo_Gangetic_Plain,1996,0.0,0.0,0.0,0.0,24.9160179568326,0.0,0.0,0.0,0.0
West Bengal,Indo_Gangetic_Plain,1997,0.0,0.0,0.0,0.0,26.5296468670007,0.0,0.0,0.0,0.0
West Bengal,Indo_Gangetic_Plain,1998,1412.66,149.73,627.15,635.78,28.6547160249704,4929.938927920188,522.5317880293132,2188.644966690602,2218.7621732002726
West Bengal,Indo_Gangetic_Plain,1999,2239.36,1261.2,921.0,57.16,29.5339560481166,7582.323195550383,4270.33885316704,3118.44440514339,193.53993723995242
West Bengal,Indo_Gangetic_Plain,2000,5660.0,3866.0,361.0,1433.0,30.6104599330265,18490.411488045836,12629.669754909046,1179.335432364761,4681.406300772029
West Bengal,Indo_Gangetic_Plain,2001,77.44,57.78,10.73,8.93,31.594774786071,245.1038202498614,182.87834109035373,33.96131187088085,28.264167288626837
West Bengal,Indo_Gangetic_Plain,2002,201.91,165.07,14.04,22.8,32.768736707346,616.1665669422538,503.7423367102067,42.84571640765313,69.57851382439398
West Bengal,Indo_Gangetic_Plain,2003,17.97,13.15,1.18,3.64,34.0361652784497,52.79678204929232,38.63537473278765,3.4669005463642146,10.69450677014046
West Bengal,Indo_Gangetic_Plain,2004,90.36,14.22,73.65,2.49,35.9848763872227,251.10548950526479,39.51660093807952,204.66931498520088,6.919573581984388
West Bengal,Indo_Gangetic_Plain,2005,1017.89,400.0,106.15,511.74,38.0079113271814,2678.100333474665,1052.4124742259635,279.2839603477151,1346.4038989009864
West Bengal,Indo_Gangetic_Plain,2006,64.28,31.72,31.59,0.97,41.2009324749758,156.01588638568248,76.98854878895222,76.67302194965323,2.354315647077038
West Bengal,Indo_Gangetic_Plain,2007,159.72,78.38,79.47,1.88,44.062097550747,362.48841720721083,177.8853126765664,180.35909413634513,4.266705637049564
West Bengal,Indo_Gangetic_Plain,2008,383.25,68.14,262.6,52.51,48.113153416174,796.5597197193158,141.6244730637291,545.7966924939135,109.13855416167324
West Bengal,Indo_Gangetic_Plain,2009,7.84,1.79,3.39,2.65,51.5004952392024,15.223154580525582,3.4756947320332645,6.582460972956853,5.145581586529693
West Bengal,Indo_Gangetic_Plain,2010,2.24,0.29,1.21,0.74,56.9214532589359,3.9352473834605592,0.509473991608733,2.125736309815748,1.3000370820360774
West Bengal,Indo_Gangetic_Plain,2011,857.46,575.3,281.56,0.6,61.8927332933406,1385.3968864746505,929.5113810426916,454.91608629650665,0.969419135452138
West Bengal,Indo_Gangetic_Plain,2012,686.58,20.62,33.02,632.95,66.8035425735272,1027.7598665434803,30.86662653751429,49.42851640488467,947.4796928671033
West Bengal,Indo_Gangetic_Plain,2013,726.5,533.95,178.97,13.58,70.9363464075585,1024.1576241126918,752.7170865725697,252.29661388499443,19.14392365512781
West Bengal,Indo_Gangetic_Plain,2014,26.07,6.13,17.28,2.67,73.2997730356476,35.56627656585167,8.362918118476056,23.574424973452896,3.642576080967548
West Bengal,Indo_Gangetic_Plain,2015,25353.27,11433.68,7895.63,6023.96,74.9707059453487,33817.56871608191,15250.863461703024,10531.620184763457,8035.085069615429
West Bengal,Indo_Gangetic_Plain,2016,,,,,77.3982386243201,,,,
West Bengal,Indo_Gangetic_Plain,2017,17727.94,6914.5,9158.28,1655.16,80.4703743512893,22030.393350240407,8592.60324776806,11380.933758329493,2056.856344142857
West Bengal,Indo_Gangetic_Plain,2018,54.01,22.41,13.27,18.33,83.5960370388638,64.60832584072227,26.80749087373794,15.873958228224115,21.926876738760214
West Bengal,Indo_Gangetic_Plain,2019,1269.83,1166.07,46.63,57.13,85.6069540558026,1483.325757826012,1362.120651132969,54.469873988980375,66.73523270406281
West Bengal,Indo_Gangetic_Plain,2020,0.0,,,,89.7288072623215,0.0,,,
West Bengal,Indo_Gangetic_Plain,2021,16079.45,6355.76,3383.23,6340.46,97.2255663027036,16538.29400174229,6537.128290116489,3479.774023086273,6521.391688539528
West Bengal,Indo_Gangetic_Plain,2022,3.68,0.26,3.11,0.32,100.0,3.68,0.26,3.11,0.32
West Bengal,Indo_Gangetic_Plain,2023,0.0,0.0,0.0,0.0,103.511128102947,0.0,0.0,0.0,0.0
Delhi,Indo_Gangetic_Plain,1953,0.0,0.0,0.0,0.0,,,,,
Delhi,Indo_Gangetic_Plain,1954,0.0,0.0,0.0,0.0,,,,,
Delhi,Indo_Gangetic_Plain,1955,0.32,0.15,0.14,0.03,,,,,
Delhi,Indo_Gangetic_Plain,1956,0.06,0.04,0.02,0.0,,,,,
Delhi,Indo_Gangetic_Plain,1957,0.02,0.02,0.0,0.0,,,,,
Delhi,Indo_Gangetic_Plain,1958,0.02,0.02,0.0,0.0,,,,,
Delhi,Indo_Gangetic_Plain,1959,0.0,0.0,0.0,0.0,,,,,
Delhi,Indo_Gangetic_Plain,1960,0.0,0.0,0.0,0.0,1.4807409657796,0.0,0.0,0.0,0.0
Delhi,Indo_Gangetic_Plain,1961,1.13,1.03,0.1,0.0,1.51250919184727,74.71028976821616,68.09875970023243,6.6115300679837326,0.0
Delhi,Indo_Gangetic_Plain,1962,0.08,0.07,0.01,0.0,1.57914454981879,5.06603401247721,4.432779760917558,0.6332542515596512,0.0
Delhi,Indo_Gangetic_Plain,1963,0.65,0.64,0.01,0.0,1.71106034615808,37.98814001268126,37.40370708940924,0.5844329232720193,0.0
Delhi,Indo_Gangetic_Plain,1964,1.85,1.25,0.6,0.0,1.85738469964291,99.6024141017028,67.29892844709649,32.30348565460631,0.0
Delhi,Indo_Gangetic_Plain,1965,0.0,0.0,0.0,0.0,2.01155449102702,0.0,0.0,0.0,0.0
Delhi,Indo_Gangetic_Plain,1966,0.2,0.2,0.0,0.0,2.2785019847826,8.777696984059583,8.777696984059583,0.0,0.0
Delhi,Indo_Gangetic_Plain,1967,4.88,1.17,3.71,0.0,2.4748223801352,197.18586833425212,47.2761200719416,149.90974826231053,0.0
Delhi,Indo_Gangetic_Plain,1968,0.02,0.02,0.0,0.0,2.53459883367324,0.7890795077426599,0.7890795077426599,0.0,0.0
Delhi,Indo_Gangetic_Plain,1969,0.0,0.0,0.0,0.0,2.61933970726728,0.0,0.0,0.0,0.0
Delhi,Indo_Gangetic_Plain,1970,0.0,0.0,0.0,0.0,2.66026017117103,0.0,0.0,0.0,0.0
Delhi,Indo_Gangetic_Plain,1971,0.13,0.12,0.01,0.0,2.80191479682417,4.639684266893072,4.282785477132066,0.35689878976100553,0.0
Delhi,Indo_Gangetic_Plain,1972,0.07,0.04,0.01,0.022,3.10563122882567,2.253970122089127,1.2879829269080725,0.3219957317270181,0.7083906097994398
Delhi,Indo_Gangetic_Plain,1973,0.02,0.02,0.0,0.0,3.65935644592502,0.5465441887267245,0.5465441887267245,0.0,0.0
Delhi,Indo_Gangetic_Plain,1974,0.15,0.15,0.0,0.0,4.26928025708201,3.513472786219071,3.513472786219071,0.0,0.0
Delhi,Indo_Gangetic_Plain,1975,0.3,0.3,0.0,0.0,4.19889342115158,7.144739575640922,7.144739575640922,0.0,0.0
Delhi,Indo_Gangetic_Plain,1976,0.01,0.0,0.01,0.0,4.45006531955297,0.22471580262117472,0.0,0.22471580262117472,0.0
Delhi,Indo_Gangetic_Plain,1977,5.4,3.55,1.83,0.02,4.70092570737406,114.8709921437249,75.51704113152284,38.92850289315121,0.42544811905083296
Delhi,Indo_Gangetic_Plain,1978,17.61,9.32,3.18,5.11,4.81658175141862,365.61198187518266,193.49822095835904,66.02192517677916,106.0918357400445
Delhi,Indo_Gangetic_Plain,1979,0.0,0.0,0.0,0.0,5.57413581029161,0.0,0.0,0.0,0.0
Delhi,Indo_Gangetic_Plain,1980,0.12,0.12,0.0,0.0,6.21562524163142,1.93061832615416,1.93061832615416,0.0,0.0
Delhi,Indo_Gangetic_Plain,1981,0.02,0.02,0.0,0.0,6.88862716034943,0.2903336112472298,0.2903336112472298,0.0,0.0
Delhi,Indo_Gangetic_Plain,1982,0.0,0.0,0.0,0.0,7.44632098471959,0.0,0.0,0.0,0.0
Delhi,Indo_Gangetic_Plain,1983,0.35,0.35,0.0,0.0,8.08319436421132,4.329971348327829,4.329971348327829,0.0,0.0
Delhi,Indo_Gangetic_Plain,1984,0.0,0.0,0.0,0.0,8.72364467527372,0.0,0.0,0.0,0.0
Delhi,Indo_Gangetic_Plain,1985,0.07,0.0,0.0,0.07,9.35120495613869,0.7485666320899942,0.0,0.0,0.7485666320899942
Delhi,Indo_Gangetic_Plain,1986,0.0,0.0,0.0,0.0,9.98609570765228,0.0,0.0,0.0,0.0
Delhi,Indo_Gangetic_Plain,1987,0.0,0.0,0.0,0.0,10.9175880607911,0.0,0.0,0.0,0.0
Delhi,Indo_Gangetic_Plain,1988,0.0,0.0,0.0,0.0,11.8163801753813,0.0,0.0,0.0,0.0
Delhi,Indo_Gangetic_Plain,1989,0.0,0.0,0.0,0.0,12.8133055864533,0.0,0.0,0.0,0.0
Delhi,Indo_Gangetic_Plain,1990,0.0,0.0,0.0,0.0,14.1802679594129,0.0,0.0,0.0,0.0
Delhi,Indo_Gangetic_Plain,1991,0.0,0.0,0.0,0.0,16.1303127348422,0.0,0.0,0.0,0.0
Delhi,Indo_Gangetic_Plain,1992,0.0,0.0,0.0,0.0,17.5764198477346,0.0,0.0,0.0,0.0
Delhi,Indo_Gangetic_Plain,1993,0.0,0.0,0.0,0.0,19.3097682064243,0.0,0.0,0.0,0.0
Delhi,Indo_Gangetic_Plain,1994,0.0,0.0,0.0,0.0,21.2368917187623,0.0,0.0,0.0,0.0
Delhi,Indo_Gangetic_Plain,1995,32.34,6.99,0.07,25.28,23.1615279764214,139.6280937635995,30.179356073208425,0.30222531117662227,109.14651237921444
Delhi,Indo_Gangetic_Plain,1996,0.0,0.0,0.0,0.0,24.9160179568326,0.0,0.0,0.0,0.0
Delhi,Indo_Gangetic_Plain,1997,65.809,25.58,9.7,30.53,26.5296468670007,248.05833387046516,96.42043155809233,36.5628688863759,115.07880279392336
Delhi,Indo_Gangetic_Plain,1998,0.0,0.0,0.0,0.0,28.6547160249704,0.0,0.0,0.0,0.0
Delhi,Indo_Gangetic_Plain,1999,0.0,0.0,0.0,0.0,29.5339560481166,0.0,0.0,0.0,0.0
Delhi,Indo_Gangetic_Plain,2000,0.0,0.0,0.0,0.0,30.6104599330265,0.0,0.0,0.0,0.0
Delhi,Indo_Gangetic_Plain,2001,0.0,0.0,0.0,0.0,31.594774786071,0.0,0.0,0.0,0.0
Delhi,Indo_Gangetic_Plain,2002,0.0,0.0,0.0,0.0,32.768736707346,0.0,0.0,0.0,0.0
Delhi,Indo_Gangetic_Plain,2003,0.0,0.0,0.0,0.0,34.0361652784497,0.0,0.0,0.0,0.0
Delhi,Indo_Gangetic_Plain,2004,0.0,0.0,0.0,0.0,35.9848763872227,0.0,0.0,0.0,0.0
Delhi,Indo_Gangetic_Plain,2005,0.0,0.0,0.0,0.0,38.0079113271814,0.0,0.0,0.0,0.0
Delhi,Indo_Gangetic_Plain,2006,0.0,0.0,0.0,0.0,41.2009324749758,0.0,0.0,0.0,0.0
Delhi,Indo_Gangetic_Plain,2007,0.0,0.0,0.0,0.0,44.062097550747,0.0,0.0,0.0,0.0
Delhi,Indo_Gangetic_Plain,2008,0.0,0.0,0.0,0.0,48.113153416174,0.0,0.0,0.0,0.0
Delhi,Indo_Gangetic_Plain,2009,0.0,0.0,0.0,0.0,51.5004952392024,0.0,0.0,0.0,0.0
Delhi,Indo_Gangetic_Plain,2010,0.0,0.0,0.0,0.0,56.9214532589359,0.0,0.0,0.0,0.0
Delhi,Indo_Gangetic_Plain,2011,0.0,0.0,0.0,0.0,61.8927332933406,0.0,0.0,0.0,0.0
Delhi,Indo_Gangetic_Plain,2012,0.0,0.0,0.0,0.0,66.8035425735272,0.0,0.0,0.0,0.0
Delhi,Indo_Gangetic_Plain,2013,0.01,0.01,0.0,0.0,70.9363464075585,0.014097145548695001,0.014097145548695001,0.0,0.0
Delhi,Indo_Gangetic_Plain,2014,0.0,0.0,0.0,0.0,73.2997730356476,0.0,0.0,0.0,0.0
Delhi,Indo_Gangetic_Plain,2015,,,,,74.9707059453487,,,,
Delhi,Indo_Gangetic_Plain,2016,,,,,77.3982386243201,,,,
Delhi,Indo_Gangetic_Plain,2017,,,,,80.4703743512893,,,,
Delhi,Indo_Gangetic_Plain,2018,,,,,83.5960370388638,,,,
Delhi,Indo_Gangetic_Plain,2019,,,,,85.6069540558026,,,,
Delhi,Indo_Gangetic_Plain,2020,,,,,89.7288072623215,,,,
Delhi,Indo_Gangetic_Plain,2021,18.39,18.39,0.0,0.0,97.2255663027036,18.914777973876017,18.914777973876017,0.0,0.0
Delhi,Indo_Gangetic_Plain,2022,0.06,0.06,0.0,0.0,100.0,0.06,0.06,0.0,0.0
Delhi,Indo_Gangetic_Plain,2023,0.24,,0.09,0.15,103.511128102947,0.23185912896370717,,0.08694717336139018,0.14491195560231698
